"WK","TeamAbr","Team","Home","Score","OppScore","Pos","OPP","TFL","SCK","QBHit","INT","FR","SFTY","DEFTD","ReturnTD","PTSAllowed","FPTSperGame","FPTS","Win","TurnOvers","Spread","DeffenseScore","PassYards","PassTD","Int","RushYards","RushTD","RecReceived","RecYards","RecTD","FumLost","OffPoints","FGMade","FGAtt","FGPercMade","Long","XPMade","XPAtt","KickerPoints","OppPassYds","OppRushYds","OppKicker_Points"
1,"ARI","Arizona Cardinals","0",38,13,"DST","TEN",8,6,9,1,2,0,0,0,13,16,16,"1",3,25,0,289,4,1,136,1,21,289,4,0,98.06,1,2,50,34,5,5,8,212,86,1
1,"ATL","Atlanta Falcons","1",6,32,"DST","PHI",5,1,1,0,0,0,0,0,32,0,0,"0",0,-26,0,164,0,0,124,0,21,164,0,0,35.36,2,2,100,27,0,0,6,264,173,6
1,"BAL","Baltimore Ravens","0",27,33,"DST","LV",5,3,7,1,0,0,0,0,33,4,4,"0",1,-6,0,235,1,0,189,2,19,235,1,2,69.8,2,2,100,47,3,3,9,435,82,11
1,"BUF","Buffalo Bills","1",16,23,"DST","PIT",5,2,6,0,0,0,0,0,23,2,2,"0",0,-7,0,270,1,0,120,0,30,270,1,1,57.8,3,3,100,42,1,1,10,188,75,11
1,"CAR","Carolina Panthers","1",19,14,"DST","NYJ",6,6,10,1,0,0,0,0,14,9,9,"1",1,5,0,279,1,0,111,1,24,279,1,1,64.16,2,2,100,29,1,2,7,258,45,0
1,"CHI","Chicago Bears","0",14,34,"DST","LAR",0,1,4,0,0,0,0,0,34,0,0,"0",0,-20,0,216,0,1,134,2,29,216,0,1,51.64,0,0,0,0,2,2,2,321,74,12
1,"CIN","Cincinnati Bengals","1",27,24,"DST","MIN",7,3,8,0,1,0,0,0,24,5,5,"1",1,3,0,261,2,0,149,1,20,261,2,0,77.44,2,2,100,53,3,3,11,362,67,8
1,"CLE","Cleveland Browns","0",29,33,"DST","KC",5,2,6,0,0,0,0,0,33,1,1,"0",0,-4,0,321,0,1,153,4,21,321,0,1,82.24,0,0,0,0,3,3,3,337,73,9
1,"DAL","Dallas Cowboys","0",29,31,"DST","TB",0,0,2,2,2,0,0,0,31,7,7,"0",4,-2,0,403,3,1,60,0,42,403,3,0,90.42,3,5,60,48,2,3,11,379,38,7
1,"DEN","Denver Broncos","0",27,13,"DST","NYG",5,2,2,0,1,0,0,0,13,8,8,"1",1,14,0,264,2,0,165,1,28,264,2,1,77.46,2,2,100,36,3,3,9,267,60,1
1,"DET","Detroit Lions","1",33,41,"DST","SF",1,1,3,0,2,0,0,0,35,1,1,"0",2,-8,0,338,3,1,116,1,38,338,3,0,100.92,1,2,50,49,2,2,5,319,131,13
1,"GB","Green Bay Packers","0",3,38,"DST","NO",0,0,3,0,0,0,0,0,38,-4,-4,"0",0,-35,0,201,0,2,43,0,20,201,0,1,26.44,1,1,100,39,0,0,3,151,171,8
1,"HOU","Houston Texans","1",37,21,"DST","JAX",3,1,4,3,0,0,0,0,21,7,7,"1",3,16,0,291,2,0,160,2,21,291,2,0,88.74,3,3,100,40,4,4,13,332,76,3
1,"IND","Indianapolis Colts","1",16,28,"DST","SEA",4,3,7,0,1,0,0,0,28,4,4,"0",1,-12,0,251,2,0,113,0,25,251,2,1,64.44,1,1,100,21,1,1,4,254,140,4
1,"JAX","Jacksonville Jaguars","0",21,37,"DST","HOU",3,1,6,0,0,0,0,0,37,-3,-3,"0",0,-16,0,332,3,3,76,0,28,332,3,0,78.08,0,1,0,0,3,3,3,291,160,13
1,"KC","Kansas City Chiefs","1",33,29,"DST","CLE",4,2,5,1,1,0,0,0,29,5,5,"1",2,4,0,337,3,0,73,1,26,339,3,0,90.68,2,2,100,43,3,3,9,321,153,3
1,"LAC","Los Angeles Chargers","0",20,16,"DST","WAS",4,1,7,0,0,0,0,0,16,2,2,"1",0,4,0,337,1,1,90,1,31,337,1,1,68.18,2,2,100,33,2,2,8,135,126,10
1,"LAR","Los Angeles Rams","1",34,14,"DST","CHI",5,3,3,1,1,0,0,0,14,8,8,"1",2,20,0,321,3,0,74,1,20,321,3,0,88.34,2,2,100,53,4,4,12,216,134,2
1,"LV","Las Vegas Raiders","1",33,27,"DST","BAL",4,3,7,0,2,0,0,0,27,7,7,"1",2,6,0,435,2,1,82,2,34,435,2,0,99.1,2,2,100,55,3,3,11,235,189,9
1,"MIA","Miami Dolphins","0",17,16,"DST","NE",2,1,9,0,2,0,0,0,16,6,6,"1",2,1,0,202,1,1,74,1,16,202,1,0,49.68,1,1,100,48,2,2,5,281,123,10
1,"MIN","Minnesota Vikings","0",24,27,"DST","CIN",7,5,7,0,0,0,0,0,27,5,5,"0",0,-3,0,362,2,0,67,1,37,362,2,1,81.38,1,1,100,53,3,3,8,261,149,11
1,"NE","New England Patriots","1",16,17,"DST","MIA",7,2,4,1,0,0,0,0,17,5,5,"0",1,-1,0,281,1,0,123,0,28,272,1,1,58.74,3,3,100,42,1,1,10,202,74,5
1,"NO","New Orleans Saints","1",38,3,"DST","GB",2,2,7,2,1,0,0,0,3,15,15,"1",3,35,0,151,5,0,171,0,15,151,5,0,88.24,1,1,100,44,5,5,8,201,43,3
1,"NYG","New York Giants","1",13,27,"DST","DEN",6,2,6,0,1,0,0,0,27,4,4,"0",1,-14,0,267,1,0,60,1,20,269,1,1,57.58,0,0,0,0,1,1,1,264,165,9
1,"NYJ","New York Jets","0",14,19,"DST","CAR",4,1,8,0,1,0,0,0,19,4,4,"0",1,-5,0,258,2,1,45,0,19,261,2,0,60.92,0,0,0,0,0,0,0,279,111,7
1,"PHI","Philadelphia Eagles","0",32,6,"DST","ATL",6,3,9,0,0,0,0,0,6,10,10,"1",0,26,0,264,3,0,173,1,27,264,3,0,92.26,1,1,100,43,3,3,6,164,124,6
1,"PIT","Pittsburgh Steelers","0",23,16,"DST","BUF",5,3,8,0,1,0,0,1,16,12,12,"1",1,7,6,188,1,0,75,0,17,190,1,0,44.02,3,3,100,45,2,2,11,270,120,10
1,"SEA","Seattle Seahawks","0",28,16,"DST","IND",5,3,10,0,1,0,0,0,16,6,6,"1",1,12,0,254,4,0,140,0,18,254,4,1,87.56,0,0,0,0,4,4,4,251,113,4
1,"SF","San Francisco 49ers","0",41,33,"DST","DET",9,3,9,1,0,0,1,0,33,10,10,"1",1,8,6,319,2,0,131,2,18,319,2,2,85.76,2,3,66.7,52,5,5,13,338,116,5
1,"TB","Tampa Bay Buccaneers","1",31,29,"DST","DAL",2,1,7,1,0,0,0,0,29,2,2,"1",1,2,0,379,4,2,38,0,32,379,4,1,90.86,1,1,100,36,4,4,7,403,60,11
1,"TEN","Tennessee Titans","1",13,38,"DST","ARI",2,2,3,1,0,0,0,0,38,0,0,"0",1,-25,0,212,1,1,86,1,21,212,1,2,48.28,0,1,0,0,1,2,1,289,136,8
1,"WAS","Washington Commanders","1",16,20,"DST","LAC",4,2,5,1,0,0,0,0,20,5,5,"0",1,-4,0,135,1,0,126,0,13,137,1,1,39.7,3,4,75,48,1,1,10,337,90,8
2,"ARI","Arizona Cardinals","1",34,33,"DST","MIN",2,1,4,0,0,0,0,0,27,1,1,"1",0,1,0,400,3,2,103,1,29,400,3,0,98.3,2,2,100,62,4,4,12,244,177,13
2,"ATL","Atlanta Falcons","0",25,48,"DST","TB",2,3,6,0,1,0,0,0,36,1,1,"0",1,-23,0,300,2,3,55,1,35,300,2,0,69.5,1,1,100,36,2,2,5,276,85,6
2,"BAL","Baltimore Ravens","1",36,35,"DST","KC",3,0,3,1,1,0,0,0,29,3,3,"1",2,1,0,239,1,2,251,4,18,239,1,0,88.56,1,1,100,43,3,3,6,343,62,5
2,"BUF","Buffalo Bills","0",35,0,"DST","MIA",9,6,11,1,2,0,0,0,0,22,22,"1",3,35,0,179,2,1,145,3,17,179,2,1,73.56,0,1,0,0,5,5,5,182,71,0
2,"CAR","Carolina Panthers","1",26,7,"DST","NO",4,4,11,2,0,0,0,0,7,12,12,"1",2,19,0,305,2,1,89,1,26,305,2,0,75.6,2,3,66.7,42,2,3,8,111,48,1
2,"CHI","Chicago Bears","1",20,17,"DST","CIN",6,5,9,3,1,0,1,0,17,20,20,"1",4,3,6,116,1,1,123,0,15,116,1,0,36.54,2,2,100,28,2,2,8,207,69,7
2,"CIN","Cincinnati Bengals","0",17,20,"DST","CHI",5,3,6,1,0,0,0,0,14,6,6,"0",1,-3,0,207,2,3,69,0,19,207,2,1,47.88,1,1,100,53,2,2,7,116,123,8
2,"CLE","Cleveland Browns","1",31,21,"DST","HOU",7,1,3,1,1,0,0,0,21,5,5,"1",2,10,0,213,1,1,156,3,18,199,1,0,70.02,1,1,100,30,4,4,7,227,82,3
2,"DAL","Dallas Cowboys","0",20,17,"DST","LAC",6,2,9,2,0,0,0,0,17,7,7,"1",2,3,0,237,0,1,198,2,23,237,0,0,62.98,2,2,100,56,2,2,10,338,96,9
2,"DEN","Denver Broncos","0",23,13,"DST","JAX",4,1,3,2,0,0,0,0,13,9,9,"1",2,10,0,328,2,0,96,0,26,328,2,0,75.52,3,3,100,46,2,2,11,118,75,1
2,"DET","Detroit Lions","0",17,35,"DST","GB",4,3,7,0,0,0,0,0,35,-1,-1,"0",0,-18,0,246,2,1,108,0,26,246,2,1,61.24,1,1,100,43,2,2,5,255,99,5
2,"GB","Green Bay Packers","1",35,17,"DST","DET",0,1,6,1,1,0,0,0,17,6,6,"1",2,18,0,255,4,0,99,1,21,255,4,0,91.6,0,0,0,0,5,5,5,246,108,5
2,"HOU","Houston Texans","0",21,31,"DST","CLE",7,2,2,1,1,0,0,0,31,5,5,"0",2,-10,0,227,2,1,82,1,18,227,2,1,61.98,0,1,0,0,3,3,3,213,156,7
2,"IND","Indianapolis Colts","1",24,27,"DST","LAR",2,1,3,1,1,0,1,0,27,11,11,"0",2,-3,6,247,1,1,109,0,22,272,1,0,59.98,3,3,100,48,1,1,10,278,101,9
2,"JAX","Jacksonville Jaguars","1",13,23,"DST","DEN",5,3,8,0,0,0,0,1,23,9,9,"0",0,-10,6,118,1,2,75,0,12,121,1,0,30.32,0,2,0,0,1,1,1,328,96,11
2,"KC","Kansas City Chiefs","0",35,36,"DST","BAL",5,1,1,2,0,0,1,0,36,7,7,"0",2,-1,6,343,3,1,62,1,24,343,3,1,86.22,0,0,0,0,5,5,5,239,251,6
2,"LAC","Los Angeles Chargers","1",17,20,"DST","DAL",3,2,4,1,0,0,0,0,20,5,5,"0",1,-3,0,338,1,2,96,0,30,339,1,0,65.02,3,4,75,46,0,0,9,237,198,10
2,"LAR","Los Angeles Rams","0",27,24,"DST","IND",3,3,11,2,0,0,0,0,18,8,8,"1",2,3,0,278,2,1,101,1,19,278,2,0,73.02,2,2,100,38,3,3,9,247,109,10
2,"LV","Las Vegas Raiders","0",26,17,"DST","PIT",4,2,9,1,0,0,0,0,17,5,5,"1",1,9,0,382,2,0,52,0,28,382,2,0,78.68,4,4,100,46,2,2,14,295,39,7
2,"MIA","Miami Dolphins","1",0,35,"DST","BUF",0,1,8,1,2,0,0,0,35,3,3,"0",3,-35,0,182,0,1,71,0,24,182,0,1,28.58,0,0,0,0,0,0,0,179,145,5
2,"MIN","Minnesota Vikings","0",33,34,"DST","ARI",5,3,3,2,0,0,1,0,34,12,12,"0",2,-1,6,244,3,0,177,0,22,244,3,0,81.86,2,3,66.7,52,3,4,13,400,103,12
2,"NE","New England Patriots","0",25,6,"DST","NYJ",6,4,7,4,0,0,0,0,6,19,19,"1",4,19,0,186,0,0,101,2,22,186,0,0,48.14,4,4,100,49,1,2,13,210,152,6
2,"NO","New Orleans Saints","0",7,26,"DST","CAR",7,2,3,1,0,0,0,0,26,4,4,"0",1,-19,0,111,0,2,48,1,11,111,0,0,22.34,0,0,0,55,1,1,1,305,89,8
2,"NYG","New York Giants","0",29,30,"DST","WAS",1,1,2,1,0,0,0,0,30,2,2,"0",1,-1,0,249,1,0,163,1,22,249,1,0,67.16,5,5,100,55,2,2,21,336,87,12
2,"NYJ","New York Jets","1",6,25,"DST","NE",10,3,2,0,0,0,0,0,25,3,3,"0",0,-19,0,210,0,4,152,0,19,210,0,0,36.6,2,3,66.7,35,0,0,6,186,101,13
2,"PHI","Philadelphia Eagles","1",11,17,"DST","SF",2,0,2,0,0,0,0,0,17,1,1,"0",0,-6,0,190,0,0,151,1,12,190,0,0,49.7,1,2,50,45,0,0,3,189,118,5
2,"PIT","Pittsburgh Steelers","1",17,26,"DST","LV",6,2,5,0,0,0,0,0,26,2,2,"0",0,-9,0,295,1,1,39,1,27,295,1,0,59.2,1,1,100,56,2,2,7,382,52,14
2,"SEA","Seattle Seahawks","1",30,33,"DST","TEN",4,3,8,0,1,0,0,0,33,4,4,"0",1,-3,0,343,2,0,77,2,22,343,2,0,87.72,1,1,100,31,3,4,6,347,212,15
2,"SF","San Francisco 49ers","0",17,11,"DST","PHI",5,2,3,0,0,0,0,0,11,6,6,"1",0,6,0,189,1,0,118,1,22,189,1,0,54.26,1,1,100,46,2,2,5,190,151,3
2,"TB","Tampa Bay Buccaneers","1",48,25,"DST","ATL",3,1,7,3,0,0,2,0,25,19,19,"1",3,23,12,276,5,0,85,0,24,276,5,1,95.14,0,0,0,0,6,7,6,300,55,5
2,"TEN","Tennessee Titans","0",33,30,"DST","SEA",4,3,6,0,0,0,0,0,30,2,2,"1",0,3,0,347,0,0,212,3,27,347,0,1,85.78,4,5,80,36,3,3,15,343,77,6
2,"WAS","Washington Commanders","1",30,29,"DST","NYG",8,4,7,0,0,0,0,0,29,3,3,"1",0,1,0,336,2,1,87,1,34,336,2,0,79.74,3,3,100,49,3,3,12,249,163,21
3,"ARI","Arizona Cardinals","0",31,19,"DST","JAX",5,3,7,2,3,0,1,0,19,20,20,"1",5,12,6,316,0,1,91,3,28,316,0,0,69.34,1,2,50,34,4,4,7,219,159,1
3,"ATL","Atlanta Falcons","0",17,14,"DST","NYG",5,2,5,0,1,0,0,0,14,5,5,"1",1,3,0,243,2,0,69,0,27,243,2,1,58.92,1,1,100,40,2,2,5,266,100,6
3,"BAL","Baltimore Ravens","0",19,17,"DST","DET",6,2,6,0,0,0,0,0,17,3,3,"1",0,2,0,287,1,1,116,0,16,287,1,0,59.78,4,5,80,66,1,1,17,217,93,5
3,"BUF","Buffalo Bills","1",43,21,"DST","WAS",5,1,2,2,1,0,0,0,21,7,7,"1",3,22,0,359,4,0,122,1,33,359,4,0,108.46,3,3,100,48,4,4,13,212,82,3
3,"CAR","Carolina Panthers","0",24,9,"DST","HOU",6,4,9,0,0,0,0,0,9,8,8,"1",0,15,0,304,0,0,117,3,23,304,0,0,72.26,1,1,100,21,3,3,6,168,42,5
3,"CHI","Chicago Bears","0",6,26,"DST","CLE",5,5,7,0,1,0,0,0,26,7,7,"0",1,-20,0,68,0,0,46,0,6,68,0,0,14.12,2,2,100,47,0,0,6,246,215,18
3,"CIN","Cincinnati Bengals","0",24,10,"DST","PIT",6,4,7,2,0,0,0,0,10,12,12,"1",2,14,0,172,3,1,96,0,14,172,3,0,61.68,1,1,100,43,3,3,6,318,45,4
3,"CLE","Cleveland Browns","1",26,6,"DST","CHI",8,9,15,0,0,0,0,0,6,16,16,"1",0,20,0,246,1,0,215,1,19,246,1,0,71.94,4,4,100,57,2,2,18,68,46,6
3,"DAL","Dallas Cowboys","1",41,21,"DST","PHI",3,2,5,2,0,0,1,0,15,13,13,"1",2,20,6,238,3,0,160,2,21,238,3,1,89.32,0,0,0,0,5,6,5,326,64,3
3,"DEN","Denver Broncos","1",26,0,"DST","NYJ",6,5,9,2,0,0,0,0,0,19,19,"1",2,26,0,235,0,0,120,2,18,238,0,1,55.2,4,4,100,47,2,2,14,160,43,0
3,"DET","Detroit Lions","1",17,19,"DST","BAL",5,4,5,1,0,0,0,0,19,7,7,"0",1,-2,0,217,0,0,93,2,22,217,0,0,51.68,1,1,100,35,2,2,5,287,116,17
3,"GB","Green Bay Packers","0",30,28,"DST","SF",2,4,11,1,1,0,0,0,28,7,7,"1",2,2,0,261,2,0,100,1,23,261,2,0,72.54,3,3,100,54,3,3,16,257,67,4
3,"HOU","Houston Texans","1",9,24,"DST","CAR",3,3,5,0,0,0,0,0,24,3,3,"0",0,-15,0,168,1,0,42,0,19,168,1,0,37.72,1,1,100,53,0,1,5,304,117,6
3,"IND","Indianapolis Colts","0",16,25,"DST","TEN",4,1,2,2,2,0,0,0,25,9,9,"0",4,-9,0,194,0,0,94,1,19,194,0,0,42.56,3,4,75,43,1,1,10,197,180,5
3,"JAX","Jacksonville Jaguars","1",19,31,"DST","ARI",3,0,1,1,0,0,0,1,25,8,8,"0",1,-12,6,219,1,2,159,1,21,220,1,2,54.66,0,0,0,0,1,3,1,316,91,7
3,"KC","Kansas City Chiefs","1",24,30,"DST","LAC",5,1,6,0,0,0,0,0,30,0,0,"0",0,-6,0,260,3,2,186,0,27,260,3,2,77,1,1,100,34,3,3,6,281,77,4
3,"LAC","Los Angeles Chargers","0",30,24,"DST","KC",3,2,7,2,3,0,0,0,24,12,12,"1",5,6,0,281,4,0,77,0,26,281,4,0,91.04,1,1,100,24,1,3,4,260,186,6
3,"LAR","Los Angeles Rams","1",34,24,"DST","TB",6,3,5,0,0,0,0,0,24,3,3,"1",0,10,0,343,4,0,76,0,27,343,4,0,95.62,2,2,100,48,4,4,10,432,35,6
3,"LV","Las Vegas Raiders","1",31,28,"DST","MIA",2,2,7,0,0,1,0,0,22,4,4,"1",0,3,2,386,2,1,140,1,26,386,2,0,92.04,3,3,100,50,2,3,13,215,133,10
3,"MIA","Miami Dolphins","0",28,31,"DST","LV",4,3,9,1,0,0,1,0,29,10,10,"0",1,-3,6,215,0,0,133,2,32,215,0,0,59.4,2,3,66.7,50,2,2,10,386,140,13
3,"MIN","Minnesota Vikings","1",30,17,"DST","SEA",3,2,6,0,0,0,0,0,17,3,3,"1",0,13,0,323,3,0,140,0,30,323,3,0,89.22,3,3,100,43,3,3,12,298,106,7
3,"NE","New England Patriots","1",13,28,"DST","NO",4,3,7,0,0,0,0,0,22,3,3,"0",0,-15,0,270,1,3,49,0,30,270,1,0,46.7,2,2,100,45,1,1,7,128,142,4
3,"NO","New Orleans Saints","0",28,13,"DST","NE",6,2,11,3,0,0,1,0,13,18,18,"1",3,15,6,128,2,0,142,1,13,128,2,0,58.12,0,2,0,0,4,4,4,270,49,7
3,"NYG","New York Giants","1",14,17,"DST","ATL",4,3,6,0,1,0,0,0,17,6,6,"0",1,-3,0,266,0,0,100,1,24,266,0,1,53.24,2,2,100,31,0,0,6,243,69,5
3,"NYJ","New York Jets","0",0,26,"DST","DEN",5,2,4,0,1,0,0,0,26,4,4,"0",1,-26,0,160,0,2,43,0,19,160,0,0,22.7,0,0,0,0,0,0,0,235,120,14
3,"PHI","Philadelphia Eagles","0",21,41,"DST","DAL",5,4,6,0,1,0,1,0,35,8,8,"0",1,-20,6,326,2,2,64,0,25,326,2,0,68.04,0,0,0,0,3,3,3,238,160,5
3,"PIT","Pittsburgh Steelers","1",10,24,"DST","CIN",2,0,0,1,0,0,0,0,24,2,2,"0",1,-14,0,318,1,2,45,0,38,318,1,0,55.02,1,2,50,26,1,1,4,172,96,6
3,"SEA","Seattle Seahawks","0",17,30,"DST","MIN",4,1,4,0,0,0,0,0,30,0,0,"0",0,-13,0,298,1,0,106,1,23,298,1,0,68.32,1,2,50,53,2,2,7,323,140,12
3,"SF","San Francisco 49ers","1",28,30,"DST","GB",3,1,2,0,0,0,0,0,30,0,0,"0",0,-2,0,257,2,1,67,2,25,257,2,1,70.68,0,0,0,0,4,4,4,261,100,16
3,"TB","Tampa Bay Buccaneers","0",24,34,"DST","LAR",2,1,4,0,0,0,0,0,34,0,0,"0",0,-10,0,432,1,0,35,2,40,432,1,0,85.98,1,2,50,26,3,3,6,343,76,10
3,"TEN","Tennessee Titans","1",25,16,"DST","IND",3,2,10,0,0,0,0,0,16,3,3,"1",0,9,0,197,3,2,180,0,18,197,3,1,71.58,1,1,100,32,2,2,5,194,94,10
3,"WAS","Washington Commanders","0",21,43,"DST","BUF",2,0,7,0,0,0,0,0,43,-4,-4,"0",0,-22,0,212,2,2,82,1,14,212,2,1,57.88,0,0,0,0,3,3,3,359,122,13
4,"ARI","Arizona Cardinals","0",37,20,"DST","LAR",0,0,5,1,1,0,0,0,20,5,5,"1",2,17,0,268,2,0,218,2,24,268,2,0,91.32,3,3,100,55,4,4,15,280,110,8
4,"ATL","Atlanta Falcons","1",30,34,"DST","WAS",5,1,4,0,0,0,0,0,34,0,0,"0",0,-4,0,283,4,0,99,0,25,283,4,0,89.52,1,1,100,25,3,3,6,290,122,4
4,"BAL","Baltimore Ravens","0",23,7,"DST","DEN",8,5,11,1,0,0,0,0,7,11,11,"1",1,16,0,316,1,0,102,1,22,316,1,0,70.44,3,3,100,46,2,2,11,178,106,1
4,"BUF","Buffalo Bills","1",40,0,"DST","HOU",4,3,3,4,1,0,0,0,0,23,23,"1",5,40,0,256,2,1,199,2,21,256,2,0,85.74,4,4,100,33,4,4,16,0,45,0
4,"CAR","Carolina Panthers","0",28,36,"DST","DAL",0,0,1,0,0,0,0,0,36,-4,-4,"0",0,-8,0,301,2,2,113,2,26,301,2,0,81.44,0,1,0,0,4,4,4,188,245,6
4,"CHI","Chicago Bears","1",24,14,"DST","DET",6,4,6,0,2,0,0,0,14,9,9,"1",2,10,0,209,0,1,188,3,11,209,0,0,64.06,1,1,100,33,3,3,6,299,90,2
4,"CIN","Cincinnati Bengals","1",24,21,"DST","JAX",2,1,0,0,0,0,0,0,21,1,1,"1",0,3,0,348,2,0,78,1,25,348,2,0,82.52,1,2,50,35,3,3,6,204,139,3
4,"CLE","Cleveland Browns","0",14,7,"DST","MIN",5,2,10,1,0,0,0,0,7,8,8,"1",1,7,0,155,0,0,184,1,15,155,0,0,50.1,2,2,100,53,0,0,8,203,65,1
4,"DAL","Dallas Cowboys","1",36,28,"DST","CAR",8,5,11,2,0,0,0,0,28,8,8,"1",2,8,0,188,4,0,245,1,14,188,4,0,96.82,1,1,100,37,3,3,6,301,113,4
4,"DEN","Denver Broncos","1",7,23,"DST","BAL",5,3,8,0,0,0,0,0,23,3,3,"0",0,-16,0,178,1,1,106,0,19,178,1,0,43.52,0,0,0,0,1,1,1,316,102,11
4,"DET","Detroit Lions","0",14,24,"DST","CHI",5,1,4,1,0,0,0,0,24,3,3,"0",1,-10,0,299,2,0,90,0,24,299,2,2,66.86,0,0,0,0,2,2,2,209,188,6
4,"GB","Green Bay Packers","1",27,17,"DST","PIT",3,2,5,1,1,0,0,0,17,7,7,"1",2,10,0,248,2,0,131,1,20,248,2,1,71.82,2,2,100,29,3,3,9,232,62,7
4,"HOU","Houston Texans","0",0,40,"DST","BUF",3,1,4,1,0,0,0,0,40,-1,-1,"0",1,-40,0,0,0,0,45,0,10,83,0,0,12.8,0,0,0,0,0,0,0,256,199,16
4,"IND","Indianapolis Colts","0",27,17,"DST","MIA",4,3,4,0,2,0,0,0,17,8,8,"1",2,10,0,228,2,0,133,1,22,223,2,0,70.72,2,2,100,43,3,3,9,199,35,5
4,"JAX","Jacksonville Jaguars","0",21,24,"DST","CIN",2,1,3,0,0,0,0,0,24,1,1,"0",0,-3,0,204,0,0,139,3,17,204,0,0,60.46,0,0,0,0,3,3,3,348,78,6
4,"KC","Kansas City Chiefs","0",42,30,"DST","PHI",3,3,6,0,0,0,0,0,30,2,2,"1",0,12,0,278,5,1,200,1,24,278,5,0,112.92,0,0,0,0,6,6,6,387,103,12
4,"LAC","Los Angeles Chargers","1",28,14,"DST","LV",4,4,7,1,0,0,0,0,14,7,7,"1",1,14,0,222,3,0,168,1,25,222,3,0,83.88,0,0,0,0,4,4,4,196,48,2
4,"LAR","Los Angeles Rams","1",20,37,"DST","ARI",7,3,2,0,0,0,0,0,37,-1,-1,"0",0,-17,0,280,2,1,110,0,26,280,2,0,68.2,2,3,66.7,42,2,2,8,268,218,15
4,"LV","Las Vegas Raiders","0",14,28,"DST","LAC",6,2,7,0,0,0,0,0,28,1,1,"0",0,-14,0,196,2,1,48,0,21,196,2,0,50.24,0,1,0,0,2,2,2,222,168,4
4,"MIA","Miami Dolphins","1",17,27,"DST","IND",6,2,8,0,1,0,0,0,27,4,4,"0",1,-10,0,199,2,0,35,0,19,206,2,1,50.06,1,1,100,38,2,2,5,228,133,9
4,"MIN","Minnesota Vikings","1",7,14,"DST","CLE",2,3,3,0,0,0,0,0,14,4,4,"0",0,-7,0,203,1,1,65,0,20,203,1,0,42.92,0,0,0,0,1,1,1,155,184,8
4,"NE","New England Patriots","1",17,19,"DST","TB",3,1,3,0,0,0,0,0,19,2,2,"0",0,-2,0,320,2,1,-1,0,32,320,2,0,62.7,1,2,50,27,2,2,5,269,120,13
4,"NO","New Orleans Saints","1",21,27,"DST","NYG",2,0,6,1,0,0,0,0,27,2,2,"0",1,-6,0,235,1,1,170,2,19,235,1,0,69.9,0,1,0,0,3,3,3,402,83,7
4,"NYG","New York Giants","0",27,21,"DST","NO",1,0,0,1,0,0,0,0,21,2,2,"1",1,6,0,402,2,1,83,1,28,402,2,0,90.58,2,3,66.7,48,1,1,7,235,170,3
4,"NYJ","New York Jets","1",27,24,"DST","TEN",7,7,15,0,0,0,0,0,24,7,7,"1",0,3,0,297,2,1,66,1,21,297,2,0,72.18,2,2,100,27,3,3,9,298,177,10
4,"PHI","Philadelphia Eagles","1",30,42,"DST","KC",1,1,4,1,0,0,0,0,42,-1,-1,"0",1,-12,0,387,2,0,103,1,32,387,2,0,90.48,3,3,100,31,3,3,12,278,200,6
4,"PIT","Pittsburgh Steelers","0",17,27,"DST","GB",7,3,7,0,1,0,0,0,27,5,5,"0",1,-10,0,232,1,1,62,1,26,232,1,1,50.68,1,1,100,52,2,2,7,248,131,9
4,"SEA","Seattle Seahawks","0",28,21,"DST","SF",3,2,6,1,1,0,0,0,21,6,6,"1",2,7,0,149,2,0,105,2,16,149,2,0,63.36,0,0,0,0,4,4,4,322,143,NA
4,"SF","San Francisco 49ers","1",21,28,"DST","SEA",6,3,6,0,0,0,0,0,28,2,2,"0",0,-7,0,322,3,1,143,0,23,322,3,0,89.38,NA,NA,NA,NA,NA,NA,NA,149,105,4
4,"TB","Tampa Bay Buccaneers","0",19,17,"DST","NE",6,4,12,1,1,0,0,0,17,9,9,"1",2,2,0,269,0,0,120,1,22,269,0,0,55.66,4,5,80,48,1,1,13,320,-1,5
4,"TEN","Tennessee Titans","0",24,27,"DST","NYJ",7,1,1,1,0,0,0,0,27,3,3,"0",1,-3,0,298,1,0,177,1,30,298,1,0,79.42,3,4,75,46,1,1,10,297,66,9
4,"WAS","Washington Commanders","0",34,30,"DST","ATL",5,1,7,0,0,0,0,1,30,6,6,"1",0,4,6,290,3,0,122,1,23,290,3,0,88.8,1,1,100,21,1,3,4,283,99,6
5,"ARI","Arizona Cardinals","1",17,10,"DST","SF",4,2,8,1,0,0,0,0,10,8,8,"1",1,7,0,239,1,0,94,1,22,239,1,1,56.86,1,2,50,21,2,2,5,192,152,4
5,"ATL","Atlanta Falcons","1",27,20,"DST","NYJ",4,2,5,1,0,0,0,0,20,5,5,"1",1,7,0,342,2,0,108,1,33,342,2,2,80.68,2,2,100,52,3,3,11,192,64,6
5,"BAL","Baltimore Ravens","1",31,25,"DST","IND",7,2,7,0,1,0,0,0,25,4,4,"1",1,6,0,442,4,0,86,0,37,442,4,1,116.48,1,1,100,23,0,0,3,402,123,7
5,"BUF","Buffalo Bills","0",38,20,"DST","KC",3,2,8,2,2,0,1,0,20,17,17,"1",4,18,6,315,3,0,121,1,15,315,3,0,92.2,1,1,100,30,5,5,8,272,120,10
5,"CAR","Carolina Panthers","1",18,21,"DST","PHI",5,2,4,1,1,1,0,0,21,8,8,"0",2,-3,2,177,1,3,109,0,21,177,1,0,39.68,3,3,100,50,1,1,12,198,91,9
5,"CHI","Chicago Bears","0",20,9,"DST","LV",4,3,4,1,0,0,0,0,9,9,9,"1",1,11,0,119,1,0,143,1,13,119,1,0,46.96,2,2,100,46,2,2,8,206,71,3
5,"CIN","Cincinnati Bengals","1",22,25,"DST","GB",8,2,5,1,0,0,0,0,25,4,4,"0",1,-3,0,281,2,2,103,1,26,281,2,0,75.64,0,2,0,0,2,2,2,344,133,13
5,"CLE","Cleveland Browns","0",42,47,"DST","LAC",3,2,9,0,1,0,0,0,47,0,0,"0",1,-5,0,305,2,0,230,3,23,305,2,0,107.7,2,2,100,35,4,4,10,398,112,3
5,"DAL","Dallas Cowboys","1",44,20,"DST","NYG",2,0,7,2,0,0,1,0,20,11,11,"1",2,24,6,324,3,1,201,1,23,324,3,1,97.46,3,3,100,38,5,5,14,294,73,12
5,"DEN","Denver Broncos","0",19,27,"DST","PIT",3,1,2,0,1,0,0,0,27,3,3,"0",1,-8,0,288,2,1,106,0,24,288,2,0,68.92,2,2,100,39,1,1,7,253,147,9
5,"DET","Detroit Lions","0",17,19,"DST","MIN",4,2,2,1,1,0,0,0,19,7,7,"0",2,-2,0,203,0,1,108,1,21,203,0,1,45.22,3,3,100,52,0,0,11,275,120,17
5,"GB","Green Bay Packers","0",25,22,"DST","CIN",5,3,8,2,0,0,0,0,22,7,7,"1",2,3,0,344,2,1,133,0,27,344,2,0,79.46,4,7,57.1,49,1,2,13,281,103,2
5,"HOU","Houston Texans","1",22,25,"DST","NE",5,1,4,1,1,0,0,0,25,5,5,"0",2,-3,0,312,3,0,67,0,21,312,3,1,78.38,1,2,50,33,1,3,4,231,126,17
5,"IND","Indianapolis Colts","0",25,31,"DST","BAL",3,2,5,0,1,0,0,0,31,3,3,"0",1,-6,0,402,2,0,123,1,25,402,2,1,92.58,2,4,50,43,1,2,7,442,86,3
5,"JAX","Jacksonville Jaguars","1",19,37,"DST","TEN",4,3,8,0,0,0,0,0,31,2,2,"0",0,-18,0,273,1,1,198,2,23,273,1,1,76.02,0,1,0,0,1,2,1,197,184,7
5,"KC","Kansas City Chiefs","1",20,38,"DST","BUF",3,0,1,0,0,0,0,0,32,-1,-1,"0",0,-18,0,272,2,2,120,0,33,272,2,2,62.08,2,2,100,54,2,2,10,315,121,8
5,"LAC","Los Angeles Chargers","1",47,42,"DST","CLE",3,1,1,0,0,0,0,0,42,-3,-3,"1",0,5,0,398,4,0,112,3,26,398,4,1,126.92,0,0,0,0,3,5,3,305,230,10
5,"LAR","Los Angeles Rams","0",26,17,"DST","SEA",4,2,5,2,0,0,0,0,17,7,7,"1",2,9,0,365,1,1,118,2,25,365,1,0,82.9,2,2,100,47,2,3,8,283,92,5
5,"LV","Las Vegas Raiders","1",9,20,"DST","CHI",1,2,6,0,0,0,0,0,20,3,3,"0",0,-11,0,206,0,1,71,1,22,206,0,0,39.94,1,1,100,31,0,0,3,119,143,8
5,"MIA","Miami Dolphins","0",17,45,"DST","TB",4,2,6,0,0,0,0,0,45,-2,-2,"0",0,-28,0,275,2,1,39,0,27,275,2,1,58.4,1,1,100,23,2,2,5,452,121,9
5,"MIN","Minnesota Vikings","1",19,17,"DST","DET",3,4,7,1,1,0,0,0,17,9,9,"1",2,2,0,275,1,1,120,0,25,275,1,1,56.5,4,5,80,55,1,1,17,203,108,11
5,"NE","New England Patriots","0",25,22,"DST","HOU",4,3,5,0,1,0,0,0,22,5,5,"1",1,3,0,231,1,1,126,1,23,231,1,1,56.94,4,4,100,52,1,2,17,312,67,4
5,"NO","New Orleans Saints","0",33,22,"DST","WAS",5,2,8,2,0,0,0,0,22,6,6,"1",2,11,0,279,4,1,98,1,15,279,4,1,90.86,0,0,0,0,3,5,3,248,131,10
5,"NYG","New York Giants","0",20,44,"DST","DAL",3,2,5,1,1,0,0,0,38,2,2,"0",2,-24,0,294,1,2,73,1,21,294,1,0,60.46,2,3,66.7,51,2,2,12,324,201,14
5,"NYJ","New York Jets","0",20,27,"DST","ATL",2,0,9,0,2,0,0,0,27,4,4,"0",2,-7,0,192,0,1,64,2,19,192,0,0,47.28,2,2,100,49,0,1,6,342,108,11
5,"PHI","Philadelphia Eagles","0",21,18,"DST","CAR",6,3,8,3,0,0,0,0,16,10,10,"1",3,3,0,198,0,1,91,2,22,198,0,1,48.82,2,2,100,58,1,1,9,177,109,12
5,"PIT","Pittsburgh Steelers","1",27,19,"DST","DEN",4,2,5,1,0,0,0,0,19,5,5,"1",1,8,0,253,2,0,147,1,15,253,2,1,74.12,2,2,100,48,3,3,9,288,106,7
5,"SEA","Seattle Seahawks","1",17,26,"DST","LAR",6,1,3,1,0,0,0,0,26,3,3,"0",1,-9,0,283,2,2,92,0,21,283,2,0,64.82,1,2,50,32,2,2,5,365,118,8
5,"SF","San Francisco 49ers","0",10,17,"DST","ARI",4,2,3,0,1,0,0,0,17,5,5,"0",1,-7,0,192,0,1,152,1,15,192,0,0,46.08,1,1,100,47,1,1,4,239,94,5
5,"TB","Tampa Bay Buccaneers","1",45,17,"DST","MIA",0,3,7,1,1,0,0,0,17,8,8,"1",2,28,0,452,5,0,121,1,33,452,5,0,131.38,1,1,100,42,6,6,9,275,39,5
5,"TEN","Tennessee Titans","0",37,19,"DST","JAX",5,2,5,1,1,0,1,0,19,13,13,"1",2,18,6,197,1,0,184,3,14,197,1,0,73.98,1,1,100,34,4,5,7,273,198,1
5,"WAS","Washington Commanders","1",22,33,"DST","NO",2,2,9,1,1,0,0,0,33,5,5,"0",2,-11,0,248,0,2,131,2,20,248,0,0,55.82,3,3,100,45,1,1,10,279,98,3
6,"ARI","Arizona Cardinals","0",37,14,"DST","CLE",6,5,6,1,2,0,0,0,14,12,12,"1",3,23,0,229,4,0,147,0,20,229,4,0,86.76,3,3,100,51,4,4,15,240,73,2
6,"BAL","Baltimore Ravens","1",34,6,"DST","LAC",6,2,4,1,0,0,0,0,6,11,11,"1",1,28,0,167,1,2,187,3,19,167,1,0,66.08,2,2,100,52,4,4,12,195,26,0
6,"BUF","Buffalo Bills","0",31,34,"DST","TEN",3,0,3,1,0,0,0,0,34,1,1,"0",1,-3,0,353,3,1,82,0,35,353,3,0,89.62,3,3,100,52,2,2,13,216,146,10
6,"CAR","Carolina Panthers","1",28,34,"DST","MIN",8,0,3,0,1,0,0,1,34,7,7,"0",1,-6,6,207,1,1,118,1,17,207,1,2,54.78,2,2,100,47,2,2,8,373,198,10
6,"CHI","Chicago Bears","1",14,24,"DST","GB",4,3,4,0,0,0,0,0,24,3,3,"0",0,-10,0,174,1,1,140,1,16,174,1,0,52.36,0,0,0,0,2,2,2,195,154,6
6,"CIN","Cincinnati Bengals","0",34,11,"DST","DET",4,1,5,1,0,0,0,0,11,7,7,"1",1,23,0,278,4,1,142,0,20,278,4,0,91.12,2,2,100,40,4,4,10,202,36,3
6,"CLE","Cleveland Browns","1",14,37,"DST","ARI",5,2,3,0,0,0,0,0,37,-2,-2,"0",0,-23,0,240,2,1,73,0,20,240,2,2,54.9,0,0,0,0,2,2,2,229,147,15
6,"DAL","Dallas Cowboys","0",35,29,"DST","NE",2,2,5,1,2,0,1,0,29,13,13,"1",3,6,6,445,3,1,122,0,36,445,3,1,100.5,3,4,75,49,2,2,11,229,120,3
6,"DEN","Denver Broncos","1",24,34,"DST","LV",1,2,3,0,0,0,0,0,34,1,1,"0",0,-10,0,334,3,3,112,0,35,334,3,1,79.96,1,1,100,32,3,3,6,341,86,12
6,"DET","Detroit Lions","1",11,34,"DST","CIN",3,2,5,1,0,0,0,0,34,3,3,"0",1,-23,0,202,0,1,36,1,28,202,0,0,39.88,1,1,100,35,0,0,3,278,142,10
6,"GB","Green Bay Packers","0",24,14,"DST","CHI",4,4,4,1,0,0,0,0,14,7,7,"1",1,10,0,195,2,0,154,1,17,195,2,0,68.7,1,1,100,39,3,3,6,174,140,2
6,"HOU","Houston Texans","0",3,31,"DST","IND",4,2,5,0,0,0,0,0,31,1,1,"0",0,-28,0,243,0,2,124,0,29,243,0,1,40.42,1,1,100,31,0,0,3,223,174,7
6,"IND","Indianapolis Colts","1",31,3,"DST","HOU",5,2,5,2,1,0,0,0,3,15,15,"1",3,28,0,223,2,0,174,2,11,223,2,0,80.62,1,1,100,41,4,4,7,243,124,3
6,"JAX","Jacksonville Jaguars","1",23,20,"DST","MIA",2,0,3,1,0,0,0,0,20,3,3,"1",1,3,0,319,1,0,84,1,25,319,1,1,67.06,3,3,100,54,2,2,15,354,77,8
6,"KC","Kansas City Chiefs","0",31,13,"DST","WAS",3,0,7,1,1,0,0,0,13,8,8,"1",2,18,0,397,2,2,109,2,32,397,2,1,92.48,1,1,100,52,4,4,9,182,94,9
6,"LAC","Los Angeles Chargers","0",6,34,"DST","BAL",5,3,8,2,0,0,0,0,34,6,6,"0",2,-28,0,195,1,1,26,0,21,196,1,0,38,0,0,0,0,0,1,0,167,187,12
6,"LAR","Los Angeles Rams","0",38,11,"DST","NYG",2,4,7,3,1,0,0,0,11,16,16,"1",4,27,0,251,4,1,132,1,22,251,4,0,92.34,1,1,100,32,5,5,8,242,60,3
6,"LV","Las Vegas Raiders","0",34,24,"DST","DEN",1,5,17,3,2,0,0,0,24,15,15,"1",5,10,0,341,2,0,86,2,18,341,2,0,88.34,2,3,66.7,50,4,4,12,334,112,6
6,"MIA","Miami Dolphins","0",20,23,"DST","JAX",2,2,7,0,1,0,0,0,23,4,4,"0",1,-3,0,354,2,1,77,0,34,354,2,0,75.26,2,3,66.7,33,2,2,8,319,84,15
6,"MIN","Minnesota Vikings","0",34,28,"DST","CAR",2,4,4,1,3,0,0,0,28,11,11,"1",4,6,0,373,3,0,198,1,33,373,3,1,106.02,3,5,60,38,1,1,10,207,118,8
6,"NE","New England Patriots","1",29,35,"DST","DAL",2,0,4,1,1,0,0,0,29,3,3,"0",2,-6,0,229,2,1,120,2,15,229,2,1,76.06,0,0,0,0,3,3,3,445,122,11
6,"NYG","New York Giants","1",11,38,"DST","LAR",2,2,4,2,0,0,0,0,38,2,2,"0",2,-27,0,242,0,3,60,1,29,242,0,1,41.88,1,1,100,27,0,0,3,251,132,8
6,"PHI","Philadelphia Eagles","1",22,28,"DST","TB",3,0,3,1,0,0,0,0,28,1,1,"0",1,-6,0,115,1,1,100,2,12,115,1,0,50.1,0,1,0,0,2,2,2,297,102,4
6,"PIT","Pittsburgh Steelers","1",23,20,"DST","SEA",10,5,8,0,1,0,0,0,20,8,8,"1",1,3,0,229,1,0,119,1,29,229,1,1,57.96,3,3,100,52,2,2,13,209,144,8
6,"SEA","Seattle Seahawks","0",20,23,"DST","PIT",2,1,1,0,1,0,0,0,23,3,3,"0",1,-3,0,209,1,0,144,1,21,213,1,1,58.06,2,2,100,43,2,2,8,229,119,13
6,"TB","Tampa Bay Buccaneers","0",28,22,"DST","PHI",4,2,7,1,0,0,0,0,22,4,4,"1",1,6,0,297,2,1,102,2,34,297,2,0,81.78,0,0,0,0,4,4,4,115,100,2
6,"TEN","Tennessee Titans","1",34,31,"DST","BUF",3,3,8,1,0,0,0,0,31,4,4,"1",1,3,0,216,0,1,146,4,18,216,0,0,66.84,2,2,100,43,4,4,10,353,82,13
6,"WAS","Washington Commanders","1",13,31,"DST","KC",2,3,10,2,1,0,0,0,31,8,8,"0",3,-18,0,182,1,1,94,0,23,186,1,1,41.28,2,3,66.7,50,1,1,9,397,109,9
7,"ARI","Arizona Cardinals","1",31,5,"DST","HOU",4,2,5,0,1,0,0,0,3,11,11,"1",1,26,0,261,3,1,173,1,20,261,3,0,87.84,1,1,100,31,4,4,7,135,42,5
7,"ATL","Atlanta Falcons","0",30,28,"DST","MIA",3,1,3,2,0,0,0,0,28,4,4,"1",2,2,0,336,2,1,72,1,25,336,2,1,76.24,3,3,100,36,3,3,12,291,132,4
7,"BAL","Baltimore Ravens","1",17,41,"DST","CIN",4,1,7,1,0,0,0,0,41,-1,-1,"0",1,-24,0,296,1,0,115,1,20,296,1,0,68.94,1,1,100,45,2,2,5,416,111,13
7,"CAR","Carolina Panthers","0",3,25,"DST","NYG",9,2,5,0,0,0,0,0,23,2,2,"0",0,-22,0,145,0,1,59,0,19,145,0,0,24.2,1,1,100,45,0,0,3,219,103,13
7,"CHI","Chicago Bears","0",3,38,"DST","TB",3,0,1,0,1,0,0,0,38,-2,-2,"0",1,-35,0,184,0,3,143,0,22,184,0,2,30.06,1,1,100,28,0,0,3,226,182,8
7,"CIN","Cincinnati Bengals","0",41,17,"DST","BAL",8,5,7,0,0,0,0,0,17,6,6,"1",0,24,0,416,3,1,111,2,23,416,3,0,109.34,2,2,100,52,5,5,13,296,115,5
7,"CLE","Cleveland Browns","1",17,14,"DST","DEN",0,2,5,1,0,0,0,0,14,5,5,"1",1,3,0,199,1,0,182,1,20,201,1,0,62.26,1,2,50,52,2,2,7,187,41,2
7,"DEN","Denver Broncos","0",14,17,"DST","CLE",3,1,5,0,0,0,0,0,17,2,2,"0",0,-3,0,187,2,1,41,0,23,187,2,0,48.28,0,0,0,0,2,2,2,199,182,7
7,"DET","Detroit Lions","0",19,28,"DST","LAR",2,1,1,0,0,0,0,0,28,0,0,"0",0,-9,0,268,1,2,109,0,22,268,1,0,54.42,4,4,100,47,1,1,13,334,47,8
7,"GB","Green Bay Packers","1",24,10,"DST","WAS",1,4,9,1,1,0,0,0,10,12,12,"1",2,14,0,274,3,0,51,0,26,272,3,0,73.26,1,2,50,39,3,3,6,268,195,4
7,"HOU","Houston Texans","0",5,31,"DST","ARI",9,4,4,1,0,1,0,0,31,7,7,"0",1,-26,2,135,0,0,42,0,23,135,0,1,21.1,1,1,100,53,0,0,5,261,173,7
7,"IND","Indianapolis Colts","0",30,18,"DST","SF",3,2,5,2,2,0,0,0,18,11,11,"1",4,12,0,150,2,0,148,2,15,150,2,2,63.8,1,1,100,42,3,3,6,181,111,8
7,"KC","Kansas City Chiefs","0",3,27,"DST","TEN",5,1,4,1,0,0,0,0,27,3,3,"0",1,-24,0,288,0,1,77,0,31,288,0,2,42.02,1,2,50,42,0,0,3,275,104,11
7,"LAR","Los Angeles Rams","1",28,19,"DST","DET",4,2,4,2,0,0,0,0,19,7,7,"1",2,9,0,334,3,0,47,0,28,334,3,0,85.46,2,2,100,47,2,2,8,268,109,13
7,"LV","Las Vegas Raiders","1",33,22,"DST","PHI",3,2,7,0,2,0,0,0,22,6,6,"1",2,11,0,323,2,1,119,2,31,323,2,0,87.12,2,2,100,39,3,4,9,236,135,2
7,"MIA","Miami Dolphins","1",28,30,"DST","ATL",2,1,6,1,1,0,0,0,30,4,4,"0",2,-2,0,291,4,2,132,0,32,291,4,0,89.94,0,1,0,0,4,4,4,336,72,12
7,"NE","New England Patriots","1",54,13,"DST","NYJ",4,2,6,2,1,0,0,0,13,12,12,"1",3,41,0,411,3,0,148,4,28,411,3,0,126.34,2,2,100,50,6,7,14,253,62,1
7,"NO","New Orleans Saints","0",13,10,"DST","SEA",9,5,8,0,0,0,0,0,10,9,9,"1",0,3,0,222,1,0,94,0,19,222,1,1,48.48,2,2,100,33,1,1,7,167,90,6
7,"NYG","New York Giants","1",25,3,"DST","CAR",7,6,10,1,1,1,0,0,3,19,19,"1",2,22,2,219,1,0,103,1,24,219,1,0,56.96,3,3,100,53,2,2,13,145,59,3
7,"NYJ","New York Jets","0",13,54,"DST","NE",5,1,4,0,0,0,0,0,54,-3,-3,"0",0,-41,0,253,1,2,62,1,26,253,1,1,51.62,0,1,0,0,1,1,1,411,148,14
7,"PHI","Philadelphia Eagles","0",22,33,"DST","LV",3,0,2,1,0,0,0,0,33,1,1,"0",1,-11,0,236,2,0,135,1,18,236,2,2,72.54,0,0,0,0,2,2,2,323,119,9
7,"SEA","Seattle Seahawks","1",10,13,"DST","NO",3,2,4,0,1,0,0,0,13,8,8,"0",1,-3,0,167,1,0,90,0,12,167,1,0,42.38,1,3,33.3,50,1,1,6,222,94,7
7,"SF","San Francisco 49ers","1",18,30,"DST","IND",9,1,3,0,2,0,0,0,30,4,4,"0",2,-12,0,181,1,2,111,1,16,181,1,2,44.44,2,2,100,56,0,1,8,150,148,6
7,"TB","Tampa Bay Buccaneers","1",38,3,"DST","CHI",5,4,6,3,3,0,0,0,3,23,23,"1",6,35,0,226,4,0,182,1,22,226,4,1,93.84,1,2,50,22,5,5,8,184,143,3
7,"TEN","Tennessee Titans","1",27,3,"DST","KC",4,4,9,1,2,0,0,0,3,17,17,"1",3,24,0,275,2,1,104,1,22,275,2,0,72.9,2,2,100,51,3,3,11,288,77,3
7,"WAS","Washington Commanders","0",10,24,"DST","GB",4,3,6,0,1,0,0,0,24,5,5,"0",1,-14,0,268,1,1,195,0,25,268,1,1,63.02,1,2,50,45,1,1,4,274,51,6
8,"ARI","Arizona Cardinals","1",21,24,"DST","GB",2,1,4,0,0,0,0,0,24,1,1,"0",0,-3,0,274,0,2,74,3,22,274,0,1,57.76,0,0,0,0,3,3,3,184,151,6
8,"ATL","Atlanta Falcons","1",13,19,"DST","CAR",3,0,3,0,1,0,0,0,19,3,3,"0",1,-6,0,146,1,2,82,0,20,146,1,0,34.64,2,3,66.7,53,1,1,9,129,204,17
8,"BUF","Buffalo Bills","1",26,11,"DST","MIA",4,2,6,1,1,0,0,0,11,10,10,"1",2,15,0,249,2,0,102,1,29,249,2,0,71.06,2,2,100,57,2,2,10,205,68,5
8,"CAR","Carolina Panthers","0",19,13,"DST","ATL",5,3,8,2,0,0,0,0,13,11,11,"1",2,6,0,129,0,0,204,1,12,131,0,1,42.66,4,4,100,57,1,1,17,146,82,9
8,"CHI","Chicago Bears","1",22,33,"DST","SF",4,0,0,0,0,0,0,0,33,-1,-1,"0",0,-11,0,175,1,1,179,1,19,175,1,0,56.4,3,3,100,40,1,2,10,322,145,15
8,"CIN","Cincinnati Bengals","0",31,34,"DST","NYJ",4,2,5,2,1,0,0,0,34,7,7,"0",3,-3,0,305,3,1,41,1,22,305,3,0,80.8,1,1,100,21,4,4,7,422,97,8
8,"CLE","Cleveland Browns","1",10,15,"DST","PIT",5,2,5,0,0,0,0,0,15,3,3,"0",0,-5,0,225,0,0,96,1,20,225,0,1,45.1,1,1,100,30,1,1,4,266,118,3
8,"DAL","Dallas Cowboys","0",20,16,"DST","MIN",6,1,9,0,0,0,0,0,16,2,2,"1",0,4,0,360,2,1,78,0,25,360,2,1,74.2,2,3,66.7,39,2,2,8,184,96,10
8,"DEN","Denver Broncos","1",17,10,"DST","WAS",4,5,7,2,0,0,0,0,10,13,13,"1",2,7,0,213,1,0,83,1,19,213,1,1,52.12,1,2,50,45,2,2,5,270,112,6
8,"DET","Detroit Lions","1",6,44,"DST","PHI",3,0,0,0,0,0,0,0,38,-4,-4,"0",0,-38,0,222,0,0,57,1,25,222,0,1,40.78,0,1,0,0,0,0,0,114,236,14
8,"GB","Green Bay Packers","0",24,21,"DST","ARI",3,2,3,2,2,0,0,0,21,10,10,"1",4,3,0,184,2,0,151,1,22,184,2,0,66.86,1,1,100,21,3,3,6,274,74,3
8,"HOU","Houston Texans","1",22,38,"DST","LAR",2,1,2,0,0,0,0,0,38,-3,-3,"0",0,-16,0,310,2,1,44,1,29,310,2,0,73.8,0,1,0,0,2,2,2,310,165,8
8,"IND","Indianapolis Colts","1",31,34,"DST","TEN",6,3,5,2,0,0,0,0,28,6,6,"0",2,-3,0,231,3,2,83,1,26,231,3,0,72.64,1,1,100,34,4,4,7,265,94,10
8,"JAX","Jacksonville Jaguars","0",7,31,"DST","SEA",7,3,3,0,0,0,0,0,31,2,2,"0",0,-24,0,238,1,1,82,0,32,238,1,0,49.52,0,0,0,0,1,1,1,195,69,7
8,"KC","Kansas City Chiefs","1",20,17,"DST","NYG",1,3,5,1,0,0,0,0,17,6,6,"1",1,3,0,275,1,1,107,1,29,275,1,1,61.2,2,2,100,36,2,2,8,241,72,5
8,"LAC","Los Angeles Chargers","1",24,27,"DST","NE",4,1,4,0,1,0,0,0,21,3,3,"0",1,-3,0,223,2,2,163,1,18,223,2,0,69.52,1,1,100,48,3,3,6,217,142,13
8,"LAR","Los Angeles Rams","0",38,22,"DST","HOU",4,5,9,1,0,0,0,0,22,7,7,"1",1,16,0,310,3,0,165,2,22,310,3,0,101.9,1,1,100,27,5,5,8,310,44,2
8,"MIA","Miami Dolphins","0",11,26,"DST","BUF",5,0,5,0,0,0,0,0,26,0,0,"0",0,-15,0,205,0,1,68,1,21,205,0,0,43.5,1,2,50,51,0,0,5,249,102,10
8,"MIN","Minnesota Vikings","1",16,20,"DST","DAL",3,3,6,1,1,0,0,0,20,8,8,"0",2,-4,0,184,1,0,96,0,21,189,1,0,45.86,3,3,100,45,1,1,10,360,78,8
8,"NE","New England Patriots","0",27,24,"DST","LAC",2,3,8,2,0,0,1,0,24,13,13,"1",2,3,6,217,0,0,142,1,18,217,0,1,52.58,4,4,100,48,1,1,13,223,163,6
8,"NO","New Orleans Saints","1",36,27,"DST","TB",6,3,4,2,1,0,1,0,27,15,15,"1",3,9,6,215,2,0,152,1,22,215,2,0,71.3,3,3,100,35,3,4,12,375,71,3
8,"NYG","New York Giants","0",17,20,"DST","KC",5,2,5,1,2,0,0,0,20,9,9,"0",3,-3,0,241,2,1,72,0,23,241,2,0,58.94,1,1,100,23,2,2,5,275,107,8
8,"NYJ","New York Jets","1",34,31,"DST","CIN",7,3,5,1,0,0,0,0,31,4,4,"1",1,3,0,422,3,2,97,1,39,422,3,1,102.78,2,3,66.7,24,2,2,8,305,41,7
8,"PHI","Philadelphia Eagles","0",44,6,"DST","DET",7,6,12,0,1,0,1,0,6,21,21,"1",1,38,6,114,0,0,236,4,11,114,0,0,63.56,3,3,100,43,5,5,14,222,57,0
8,"PIT","Pittsburgh Steelers","0",15,10,"DST","CLE",4,4,6,0,2,0,0,0,10,12,12,"1",2,5,0,266,1,0,118,1,22,266,1,0,65.04,1,1,100,31,0,0,3,225,96,4
8,"SEA","Seattle Seahawks","1",31,7,"DST","JAX",1,1,7,1,0,0,0,1,7,13,13,"1",1,24,6,195,2,0,69,1,20,195,2,0,60.2,1,1,100,31,4,4,7,238,82,1
8,"SF","San Francisco 49ers","0",33,22,"DST","CHI",10,4,5,1,0,0,0,0,22,6,6,"1",1,11,0,322,0,0,145,3,17,322,0,0,81.58,4,5,80,52,1,2,15,175,179,10
8,"TB","Tampa Bay Buccaneers","0",27,36,"DST","NO",3,1,7,0,0,0,0,0,30,0,0,"0",0,-9,0,375,4,2,71,0,28,375,4,1,93.6,0,0,0,0,3,3,3,215,152,12
8,"TEN","Tennessee Titans","0",34,31,"DST","IND",1,1,7,2,1,0,1,0,31,12,12,"1",3,3,6,265,3,2,94,0,23,265,3,0,72.5,2,2,100,46,4,4,10,231,83,7
8,"WAS","Washington Commanders","0",10,17,"DST","DEN",6,4,7,0,1,0,0,0,17,7,7,"0",1,-7,0,270,1,2,112,0,24,270,1,0,55,1,3,33.3,52,1,1,6,213,83,5
9,"ARI","Arizona Cardinals","0",31,17,"DST","SF",7,5,8,1,2,0,0,0,17,12,12,"1",3,14,0,282,1,0,163,3,22,282,1,0,83.78,1,1,100,26,4,4,7,326,39,5
9,"ATL","Atlanta Falcons","0",27,25,"DST","NO",2,1,5,0,1,0,0,0,25,3,3,"1",1,2,0,343,2,0,34,1,23,343,2,0,77.42,2,2,100,32,3,3,9,282,109,9
9,"BAL","Baltimore Ravens","1",34,31,"DST","MIN",5,0,6,0,0,0,0,0,31,-1,-1,"1",0,3,0,266,3,2,247,1,27,266,3,0,93.94,2,2,100,37,4,4,10,187,131,7
9,"BUF","Buffalo Bills","0",6,9,"DST","JAX",6,2,5,0,1,0,0,0,9,8,8,"0",1,-3,0,264,0,2,72,0,31,264,0,1,38.16,2,2,100,41,0,0,6,151,79,11
9,"CAR","Carolina Panthers","1",6,24,"DST","NE",4,2,3,1,1,0,0,0,18,7,7,"0",2,-18,0,172,0,3,78,0,16,172,0,0,25.88,2,2,100,49,0,0,6,139,154,6
9,"CHI","Chicago Bears","0",27,29,"DST","PIT",5,4,5,0,1,0,1,0,29,11,11,"0",1,-2,6,291,1,1,136,1,17,291,1,0,68.34,2,3,66.7,30,3,3,9,205,105,15
9,"CIN","Cincinnati Bengals","1",16,41,"DST","CLE",7,2,5,0,0,0,0,0,35,-2,-2,"0",0,-25,0,288,0,2,85,2,29,288,0,1,54.82,1,1,100,27,1,1,4,218,153,11
9,"CLE","Cleveland Browns","0",41,16,"DST","CIN",4,5,12,2,1,0,1,0,16,18,18,"1",3,25,6,218,2,0,153,2,14,218,2,0,77.82,2,3,66.7,28,5,5,11,288,85,4
9,"DAL","Dallas Cowboys","1",16,30,"DST","DEN",10,4,6,0,0,0,0,0,30,3,3,"0",0,-14,0,232,2,1,78,0,19,232,2,0,62.28,0,0,0,0,0,0,0,249,190,12
9,"DEN","Denver Broncos","0",30,16,"DST","DAL",4,2,5,1,1,0,0,0,16,7,7,"1",2,14,0,249,1,0,190,2,19,249,1,0,79.86,3,4,75,53,1,2,12,232,78,0
9,"GB","Green Bay Packers","0",7,13,"DST","KC",5,1,3,0,0,0,0,0,13,5,5,"0",0,-6,0,190,1,1,122,0,18,191,1,0,46.9,0,2,0,0,1,1,1,166,77,9
9,"HOU","Houston Texans","0",9,17,"DST","MIA",6,4,9,2,3,0,0,0,17,15,15,"0",5,-8,0,240,0,3,73,0,22,233,0,0,34.2,3,3,100,40,0,0,9,244,47,5
9,"IND","Indianapolis Colts","1",45,30,"DST","NYJ",5,2,8,1,1,0,0,0,30,5,5,"1",2,15,0,272,3,0,260,3,21,270,2,0,105.88,1,1,100,39,6,6,9,412,88,6
9,"JAX","Jacksonville Jaguars","1",9,6,"DST","BUF",6,4,8,2,1,0,0,0,6,17,17,"1",3,3,0,151,0,0,79,0,17,151,0,1,27.04,3,4,75,55,0,0,11,264,72,6
9,"KC","Kansas City Chiefs","1",13,7,"DST","GB",3,1,7,1,1,0,0,0,7,9,9,"1",2,6,0,166,1,0,77,0,20,166,1,0,40.94,2,2,100,55,1,1,9,190,122,1
9,"LAC","Los Angeles Chargers","0",27,24,"DST","PHI",1,1,2,0,0,0,0,0,24,1,1,"1",0,3,0,356,2,0,89,1,32,356,2,0,88.74,2,2,100,30,1,2,7,162,176,6
9,"LAR","Los Angeles Rams","1",16,28,"DST","TEN",4,3,8,1,0,0,0,0,22,5,5,"0",1,-12,0,294,1,2,94,0,31,294,1,0,56.56,3,3,100,54,1,1,12,143,77,4
9,"LV","Las Vegas Raiders","0",16,23,"DST","NYG",6,3,7,0,1,0,0,0,17,6,6,"0",1,-7,0,296,1,2,117,0,30,296,1,1,57.14,3,4,75,32,1,1,10,110,149,11
9,"MIA","Miami Dolphins","1",17,9,"DST","HOU",4,5,10,3,1,0,0,0,9,17,17,"1",4,8,0,244,1,2,47,1,26,244,1,2,46.86,1,1,100,42,2,2,5,240,73,9
9,"MIN","Minnesota Vikings","0",31,34,"DST","BAL",3,3,8,2,0,0,0,1,34,12,12,"0",2,-3,6,187,2,0,131,1,17,187,2,0,65.28,1,1,100,36,4,4,7,266,247,10
9,"NE","New England Patriots","0",24,6,"DST","CAR",3,1,3,3,0,0,1,0,6,20,20,"1",3,18,6,139,1,1,154,1,12,139,1,1,46.86,1,2,50,37,3,3,6,172,78,6
9,"NO","New Orleans Saints","1",25,27,"DST","ATL",5,2,9,0,0,0,0,0,27,2,2,"0",0,-2,0,282,2,0,109,1,27,282,2,1,74.38,2,2,100,52,1,1,9,343,34,9
9,"NYG","New York Giants","1",23,16,"DST","LV",0,1,3,2,1,0,1,0,16,14,14,"1",3,7,6,110,1,0,149,0,15,110,1,1,38.3,3,3,100,38,2,2,11,296,117,10
9,"NYJ","New York Jets","0",30,45,"DST","IND",0,1,3,0,0,0,0,0,45,-3,-3,"0",0,-15,0,412,4,1,88,0,34,412,4,1,102.48,1,1,100,33,3,3,6,272,260,9
9,"PHI","Philadelphia Eagles","1",24,27,"DST","LAC",2,0,0,0,0,0,0,0,27,0,0,"0",0,-3,0,162,1,0,176,2,10,168,1,0,62.88,1,1,100,24,3,3,6,356,89,7
9,"PIT","Pittsburgh Steelers","1",29,27,"DST","CHI",3,3,8,1,1,0,0,0,21,7,7,"1",2,2,0,205,2,0,105,1,20,193,2,0,64,3,3,100,54,2,3,15,291,136,9
9,"SF","San Francisco 49ers","1",17,31,"DST","ARI",5,2,5,0,0,0,0,0,31,1,1,"0",0,-14,0,326,2,1,39,0,28,326,2,2,63.54,1,1,100,26,2,2,5,282,163,7
9,"TEN","Tennessee Titans","0",28,16,"DST","LAR",4,5,11,2,0,0,1,0,16,16,16,"1",2,12,6,143,1,1,77,2,19,143,1,0,47.72,0,0,0,0,4,4,4,294,94,12
10,"ARI","Arizona Cardinals","1",10,34,"DST","CAR",5,0,3,1,1,0,0,0,34,3,3,"0",2,-24,0,143,0,1,65,1,17,143,0,1,28.52,1,1,100,47,1,1,4,175,166,14
10,"ATL","Atlanta Falcons","0",3,43,"DST","DAL",2,0,2,0,1,0,0,0,43,-2,-2,"0",1,-40,0,117,0,2,103,0,9,131,0,0,24.08,1,1,100,35,0,0,3,317,114,5
10,"BAL","Baltimore Ravens","0",10,22,"DST","MIA",4,4,13,0,0,0,0,0,16,5,5,"0",0,-12,0,238,1,1,94,0,25,231,1,0,50.02,1,2,50,46,1,1,4,314,60,10
10,"BUF","Buffalo Bills","0",45,17,"DST","NYJ",6,1,7,4,1,0,0,0,17,12,12,"1",5,28,0,366,2,1,142,4,21,366,2,1,105.44,1,1,100,29,6,6,9,298,70,5
10,"CAR","Carolina Panthers","0",34,10,"DST","ARI",4,4,9,1,2,0,0,0,10,14,14,"1",3,24,0,175,1,1,166,2,25,175,1,1,63.1,4,4,100,49,2,2,14,143,65,4
10,"CLE","Cleveland Browns","0",7,45,"DST","NE",5,2,2,0,0,0,0,0,45,-2,-2,"0",0,-38,0,154,1,1,99,0,19,154,1,0,39.46,0,0,0,0,1,1,1,283,184,9
10,"DAL","Dallas Cowboys","1",43,3,"DST","ATL",3,2,5,3,0,0,0,1,3,21,21,"1",3,40,6,317,2,0,114,3,28,317,2,1,93.78,0,0,0,0,5,5,5,117,103,3
10,"DEN","Denver Broncos","1",13,30,"DST","PHI",5,2,3,1,0,0,0,0,24,4,4,"0",1,-17,0,226,0,0,96,1,22,226,0,1,45.24,2,3,66.7,28,1,1,7,178,216,14
10,"DET","Detroit Lions","0",16,16,"DST","PIT",4,0,0,1,2,0,0,0,16,7,7,"0.5",3,0,0,114,0,0,229,2,14,114,0,0,50.86,1,2,50,20,1,2,4,242,145,12
10,"GB","Green Bay Packers","1",17,0,"DST","SEA",5,3,5,2,0,0,0,0,0,17,17,"1",2,17,0,292,0,1,106,2,23,292,0,0,61.48,1,2,50,27,2,2,5,161,75,0
10,"IND","Indianapolis Colts","1",23,17,"DST","JAX",3,3,10,0,1,0,0,1,17,12,12,"1",1,6,6,180,0,0,127,1,22,180,0,0,43.9,3,3,100,37,2,2,11,162,179,5
10,"JAX","Jacksonville Jaguars","0",17,23,"DST","IND",4,1,8,0,0,0,0,0,23,1,1,"0",0,-6,0,162,0,0,179,2,16,162,0,1,54.58,1,2,50,56,0,1,5,180,127,11
10,"KC","Kansas City Chiefs","0",41,14,"DST","LV",5,2,5,1,1,0,0,0,14,7,7,"1",2,27,0,406,5,0,96,0,36,422,5,0,118.04,2,3,66.7,40,5,5,11,261,50,2
10,"LAC","Los Angeles Chargers","1",20,27,"DST","MIN",5,2,6,0,1,0,0,0,27,4,4,"0",1,-7,0,195,1,1,82,1,20,195,1,0,49.5,2,2,100,46,2,2,8,294,103,9
10,"LAR","Los Angeles Rams","0",10,31,"DST","SF",8,1,1,0,0,0,0,0,25,1,1,"0",0,-21,0,243,1,2,52,0,27,245,1,0,45.42,1,1,100,37,1,1,4,182,156,9
10,"LV","Las Vegas Raiders","1",14,41,"DST","KC",2,0,3,0,1,0,0,0,41,-2,-2,"0",1,-27,0,261,2,1,50,0,25,261,2,1,57.54,0,0,0,0,2,2,2,406,96,11
10,"MIA","Miami Dolphins","1",22,10,"DST","BAL",5,4,7,1,1,0,1,0,10,18,18,"1",2,12,6,314,0,0,60,1,19,314,0,0,55.96,3,3,100,31,1,1,10,238,94,4
10,"MIN","Minnesota Vikings","0",27,20,"DST","LAC",2,2,6,1,0,0,0,0,20,5,5,"1",1,7,0,294,2,0,103,1,25,294,2,1,75.46,2,2,100,46,3,3,9,195,82,8
10,"NE","New England Patriots","1",45,7,"DST","CLE",4,5,9,1,0,0,0,0,7,11,11,"1",1,38,0,283,4,0,184,2,22,283,4,0,110.02,1,1,100,38,6,6,9,154,99,1
10,"NO","New Orleans Saints","0",21,23,"DST","TEN",5,2,6,0,0,0,0,0,23,2,2,"0",0,-2,0,309,2,0,86,1,21,309,2,1,75.86,1,1,100,20,0,2,3,213,66,11
10,"NYJ","New York Jets","1",17,45,"DST","BUF",1,2,5,1,1,0,0,0,45,2,2,"0",2,-28,0,298,1,4,70,1,27,298,1,1,54.72,1,1,100,48,2,2,5,366,142,9
10,"PHI","Philadelphia Eagles","0",30,13,"DST","DEN",4,1,3,0,1,0,1,0,13,13,13,"1",1,17,6,178,2,1,216,0,16,178,2,0,64.52,3,3,100,52,3,3,14,226,96,7
10,"PIT","Pittsburgh Steelers","1",16,16,"DST","DET",9,4,6,0,0,0,0,0,16,5,5,"0.5",0,0,0,242,1,1,145,0,30,242,1,2,52.38,3,3,100,51,1,1,12,114,229,4
10,"SEA","Seattle Seahawks","0",0,17,"DST","GB",2,1,5,1,0,0,0,0,17,4,4,"0",1,-17,0,161,0,2,75,0,19,165,0,0,26.44,0,0,0,0,0,0,0,292,106,5
10,"SF","San Francisco 49ers","1",31,10,"DST","LAR",4,2,4,2,0,0,1,0,10,16,16,"1",2,21,6,182,2,0,156,1,15,182,2,0,67.08,1,1,100,50,4,4,9,243,52,4
10,"TB","Tampa Bay Buccaneers","0",19,29,"DST","WAS",11,5,8,0,1,0,0,0,29,6,6,"0",1,-10,0,220,2,2,53,0,23,220,2,0,52.1,2,2,100,31,1,2,7,256,94,11
10,"TEN","Tennessee Titans","1",23,21,"DST","NO",4,4,6,0,1,0,0,0,21,6,6,"1",1,2,0,213,1,0,66,1,18,213,1,0,52.42,3,3,100,36,2,2,11,309,86,3
10,"WAS","Washington Commanders","1",29,19,"DST","TB",0,0,1,2,0,0,0,0,19,5,5,"1",2,10,0,256,1,0,94,2,26,256,1,1,65.24,3,3,100,46,2,2,11,220,53,7
11,"ARI","Arizona Cardinals","0",23,13,"DST","SEA",5,4,6,0,0,0,0,0,13,8,8,"1",0,10,0,328,2,0,95,1,35,328,2,0,81.42,1,3,33.3,53,2,3,7,207,86,7
11,"ATL","Atlanta Falcons","1",0,25,"DST","NE",4,3,5,1,0,0,0,0,19,6,6,"0",1,-25,0,153,0,2,43,0,20,158,0,0,22.22,0,1,0,0,0,0,0,207,134,15
11,"BAL","Baltimore Ravens","0",16,13,"DST","CHI",4,3,7,0,1,0,0,0,13,9,9,"1",1,3,0,219,0,1,123,1,26,219,0,0,46.96,3,3,100,46,1,1,10,280,92,1
11,"BUF","Buffalo Bills","1",15,41,"DST","IND",3,0,2,0,0,0,0,0,41,-4,-4,"0",0,-26,0,209,2,2,91,0,24,228,2,0,58.26,0,2,0,0,1,1,1,106,264,11
11,"CAR","Carolina Panthers","1",21,27,"DST","WAS",5,3,6,0,1,0,0,0,27,5,5,"0",1,-6,0,189,2,0,111,1,21,189,2,0,63.56,0,0,0,0,3,3,3,206,190,9
11,"CHI","Chicago Bears","1",13,16,"DST","BAL",9,6,9,1,0,0,0,0,16,9,9,"0",1,-3,0,280,2,0,92,0,15,280,2,1,66.4,0,1,0,0,1,1,1,219,123,10
11,"CIN","Cincinnati Bengals","0",32,13,"DST","LV",3,2,5,1,1,0,0,0,13,10,10,"1",2,19,0,148,1,0,159,2,20,148,1,1,56.62,4,4,100,54,2,3,20,215,72,7
11,"CLE","Cleveland Browns","1",13,10,"DST","DET",7,0,2,2,0,0,0,0,10,8,8,"1",2,3,0,176,1,2,184,1,15,176,1,0,55.04,0,1,0,0,1,2,1,0,168,4
11,"DAL","Dallas Cowboys","0",9,19,"DST","KC",4,3,7,1,1,0,0,0,19,8,8,"0",2,-10,0,216,0,2,82,0,28,216,0,1,32.44,3,3,100,48,0,0,9,260,126,9
11,"DET","Detroit Lions","0",10,13,"DST","CLE",2,1,3,2,0,0,0,0,13,9,9,"0",2,-3,0,0,0,0,168,1,14,81,0,0,30.9,1,1,100,43,1,1,4,176,184,1
11,"GB","Green Bay Packers","0",31,34,"DST","MIN",4,2,5,0,0,0,0,0,34,1,1,"0",0,-3,0,385,4,0,96,0,23,385,4,0,103.5,1,2,50,54,4,4,9,341,90,10
11,"HOU","Houston Texans","0",22,13,"DST","TEN",5,2,8,4,1,0,0,0,13,16,16,"1",5,9,0,107,0,0,86,2,14,107,0,0,35.58,3,3,100,43,1,2,10,323,103,1
11,"IND","Indianapolis Colts","0",41,15,"DST","BUF",0,1,3,3,1,0,0,0,15,10,10,"1",4,26,0,106,1,0,264,4,11,106,1,0,75.24,2,2,100,36,5,5,11,209,91,1
11,"JAX","Jacksonville Jaguars","1",10,30,"DST","SF",5,2,4,0,0,0,0,0,30,1,1,"0",0,-20,0,158,0,0,54,1,15,140,0,1,29.72,1,1,100,30,1,1,4,176,171,12
11,"KC","Kansas City Chiefs","1",19,9,"DST","DAL",5,5,8,2,1,0,0,0,9,15,15,"1",3,10,0,260,0,1,126,2,23,260,0,1,57,2,3,66.7,53,1,2,9,216,82,9
11,"LAC","Los Angeles Chargers","1",41,37,"DST","PIT",3,3,6,0,0,0,0,0,37,-1,-1,"1",0,4,0,382,3,1,159,2,30,382,3,0,109.38,2,2,100,41,5,5,11,273,55,13
11,"LV","Las Vegas Raiders","1",13,32,"DST","CIN",7,3,5,0,1,0,0,0,32,4,4,"0",1,-19,0,215,1,1,72,0,19,215,1,1,43.3,2,2,100,47,1,1,7,148,159,20
11,"MIA","Miami Dolphins","0",24,17,"DST","NYJ",2,2,8,0,2,0,0,0,17,7,7,"1",2,7,0,273,2,1,115,1,27,273,2,0,73.72,1,2,50,24,3,3,6,291,102,5
11,"MIN","Minnesota Vikings","1",34,31,"DST","GB",1,2,4,0,0,0,0,0,31,1,1,"1",0,3,0,341,3,0,90,1,24,341,3,0,94.74,2,2,100,51,2,3,10,385,96,9
11,"NE","New England Patriots","0",25,0,"DST","ATL",6,4,12,4,0,0,1,0,0,28,28,"1",4,25,6,207,1,1,134,0,22,207,1,0,50.38,4,4,100,53,1,2,15,153,43,0
11,"NO","New Orleans Saints","0",29,40,"DST","PHI",7,3,8,0,1,0,0,0,34,4,4,"0",1,-11,0,214,3,2,109,1,22,214,3,1,70.86,1,1,100,28,2,3,5,147,242,18
11,"NYG","New York Giants","0",10,30,"DST","TB",4,1,3,1,0,0,0,0,30,2,2,"0",1,-20,0,167,1,2,66,0,22,165,0,1,27.78,1,1,100,37,1,1,4,318,94,12
11,"NYJ","New York Jets","1",17,24,"DST","MIA",3,0,2,1,0,0,0,0,24,2,2,"0",1,-7,0,291,2,0,102,0,24,291,2,1,68.94,1,3,33.3,35,2,2,5,273,115,6
11,"PHI","Philadelphia Eagles","1",40,29,"DST","NO",4,0,5,2,1,0,1,0,29,11,11,"1",3,11,6,147,0,0,242,3,12,148,0,1,60.88,4,4,100,50,4,4,18,214,109,5
11,"PIT","Pittsburgh Steelers","0",37,41,"DST","LAC",2,2,5,1,0,0,0,0,41,0,0,"0",1,-4,0,273,3,0,55,1,28,273,3,0,79.72,3,3,100,45,4,4,13,382,159,11
11,"SEA","Seattle Seahawks","1",13,23,"DST","ARI",3,2,7,0,0,0,0,0,23,2,2,"0",0,-10,0,207,0,0,86,1,14,207,0,0,43.58,2,2,100,27,1,1,7,328,95,7
11,"SF","San Francisco 49ers","0",30,10,"DST","JAX",5,3,6,0,2,0,0,0,10,11,11,"1",2,20,0,176,2,0,171,1,16,176,2,0,67.74,3,3,100,48,3,3,12,158,54,4
11,"TB","Tampa Bay Buccaneers","1",30,10,"DST","NYG",3,2,9,2,1,0,0,0,10,12,12,"1",3,20,0,318,2,1,94,1,32,318,2,0,77.92,3,3,100,40,3,3,12,167,66,4
11,"TEN","Tennessee Titans","1",13,22,"DST","HOU",6,0,1,0,0,0,0,0,22,0,0,"0",0,-9,0,323,1,4,103,1,35,323,1,1,61.52,0,0,0,0,1,2,1,107,86,10
11,"WAS","Washington Commanders","0",27,21,"DST","CAR",1,1,5,0,1,0,0,0,21,3,3,"1",1,6,0,206,3,0,190,0,16,206,3,1,75.84,2,2,100,36,3,3,9,189,111,3
12,"ATL","Atlanta Falcons","0",21,14,"DST","JAX",4,1,6,1,1,0,0,0,14,6,6,"1",2,7,0,190,1,1,149,2,19,190,1,0,61.5,0,0,0,0,3,3,3,228,141,6
12,"BAL","Baltimore Ravens","1",16,10,"DST","CLE",6,3,5,0,2,0,0,0,10,11,11,"1",2,6,0,165,1,4,148,0,19,165,1,0,39.9,3,3,100,52,1,1,12,247,40,4
12,"BUF","Buffalo Bills","0",31,6,"DST","NO",4,2,6,1,0,0,0,0,6,11,11,"1",1,25,0,260,4,2,113,0,23,260,4,0,83.7,1,1,100,34,4,4,7,163,44,0
12,"CAR","Carolina Panthers","0",10,33,"DST","MIA",4,2,2,0,1,0,0,0,33,3,3,"0",1,-23,0,179,0,3,50,1,10,179,0,0,30.06,1,1,100,41,1,1,4,230,111,9
12,"CHI","Chicago Bears","0",16,14,"DST","DET",3,1,3,0,1,0,0,0,14,4,4,"1",1,2,0,317,1,1,68,0,24,317,1,0,59.18,3,4,75,43,1,1,10,171,76,2
12,"CIN","Cincinnati Bengals","1",41,10,"DST","PIT",3,3,6,2,1,0,1,0,10,19,19,"1",3,31,6,190,1,1,199,3,20,190,1,0,72.5,2,2,100,51,5,5,13,263,51,4
12,"CLE","Cleveland Browns","0",10,16,"DST","BAL",2,2,5,4,0,0,0,0,16,11,11,"0",4,-6,0,247,1,0,40,0,18,247,1,2,44.58,1,2,50,46,1,1,4,165,148,12
12,"DAL","Dallas Cowboys","1",33,36,"DST","LV",4,3,7,0,0,0,0,1,36,5,5,"0",0,-3,6,375,2,0,64,1,32,375,2,0,88.9,2,3,66.7,45,1,2,7,373,143,20
12,"DEN","Denver Broncos","1",28,13,"DST","LAC",6,3,9,2,0,0,1,0,13,17,17,"1",2,15,6,129,1,0,147,2,15,155,1,0,57.36,0,0,0,0,4,4,4,303,72,1
12,"DET","Detroit Lions","1",14,16,"DST","CHI",2,1,4,1,0,0,0,0,16,4,4,"0",1,-2,0,171,2,0,76,0,21,171,2,1,49.54,0,0,0,0,2,2,2,317,68,10
12,"GB","Green Bay Packers","1",36,28,"DST","LAR",1,2,5,1,3,0,1,0,28,15,15,"1",4,8,6,307,2,0,92,1,28,307,2,1,76.18,3,4,75,45,3,3,12,302,68,8
12,"HOU","Houston Texans","1",14,21,"DST","NYJ",8,4,4,1,0,0,0,0,21,6,6,"0",1,-7,0,158,2,1,96,0,16,162,2,0,50.12,0,1,0,0,2,2,2,145,157,7
12,"IND","Indianapolis Colts","1",31,38,"DST","TB",4,2,3,1,1,0,0,0,38,2,2,"0",2,-7,0,306,3,2,107,1,25,294,3,2,80.34,1,1,100,45,4,4,7,226,142,8
12,"JAX","Jacksonville Jaguars","1",14,21,"DST","ATL",2,1,4,1,1,0,0,0,21,5,5,"0",2,-7,0,228,1,1,141,0,23,228,1,1,56.02,2,2,100,34,0,0,6,190,149,3
12,"LAC","Los Angeles Chargers","0",13,28,"DST","DEN",2,1,3,1,0,0,0,0,22,3,3,"0",1,-15,0,303,2,2,72,0,28,303,2,0,65.62,0,1,0,0,1,1,1,129,147,4
12,"LAR","Los Angeles Rams","0",28,36,"DST","GB",3,1,5,0,1,0,0,0,30,2,2,"0",1,-8,0,302,3,1,68,0,21,302,3,1,79.08,2,2,100,39,2,2,8,307,92,12
12,"LV","Las Vegas Raiders","0",36,33,"DST","DAL",2,1,5,0,0,0,0,0,33,0,0,"1",0,3,0,373,1,0,143,2,24,373,1,0,88.52,5,5,100,56,3,3,20,375,64,7
12,"MIA","Miami Dolphins","1",33,10,"DST","CAR",7,5,11,3,0,0,0,1,10,21,21,"1",3,23,6,230,1,0,111,2,27,230,1,0,65.3,2,2,100,46,3,4,9,179,50,4
12,"MIN","Minnesota Vikings","0",26,34,"DST","SF",4,2,6,1,0,0,0,1,34,9,9,"0",1,-8,6,262,2,1,67,1,21,262,2,1,65.38,0,0,0,0,2,3,2,230,208,10
12,"NE","New England Patriots","1",36,13,"DST","TEN",2,2,4,1,3,0,0,0,13,14,14,"1",4,23,0,310,2,0,106,1,23,310,2,0,80,5,6,83.3,52,3,3,20,93,264,1
12,"NO","New Orleans Saints","1",6,31,"DST","BUF",8,2,3,2,0,0,0,0,31,5,5,"0",2,-25,0,163,1,1,44,0,17,163,1,0,35.22,0,0,0,0,0,0,0,260,113,7
12,"NYG","New York Giants","1",13,7,"DST","PHI",1,1,3,3,1,0,0,0,7,13,13,"1",4,6,0,202,1,0,70,0,19,202,1,0,45.28,2,3,66.7,39,1,1,7,129,208,1
12,"NYJ","New York Jets","0",21,14,"DST","HOU",8,5,8,1,0,0,0,0,14,8,8,"1",1,7,0,145,0,1,157,2,14,145,0,0,48,2,3,66.7,37,1,1,7,158,96,2
12,"PHI","Philadelphia Eagles","0",7,13,"DST","NYG",7,1,5,0,0,0,0,0,13,5,5,"0",0,-6,0,129,0,3,208,1,13,129,0,1,36.86,0,0,0,0,1,1,1,202,70,7
12,"PIT","Pittsburgh Steelers","0",10,41,"DST","CIN",7,2,3,1,0,0,0,0,35,0,0,"0",1,-31,0,263,1,2,51,0,24,263,1,1,45.92,1,1,100,40,1,1,4,190,199,13
12,"SEA","Seattle Seahawks","0",15,17,"DST","WAS",1,1,2,1,0,0,0,0,17,6,6,"0",1,-2,0,247,2,0,34,0,20,247,2,1,55.98,0,0,0,0,1,1,1,223,152,3
12,"SF","San Francisco 49ers","1",34,26,"DST","MIN",1,1,3,1,1,0,0,0,26,5,5,"1",2,8,0,230,1,1,208,3,17,230,1,0,79,2,3,66.7,46,4,4,10,262,67,2
12,"TB","Tampa Bay Buccaneers","0",38,31,"DST","IND",4,3,7,2,3,0,0,0,31,12,12,"1",5,7,0,226,1,1,142,4,25,226,1,1,75.84,1,1,100,25,5,5,8,306,107,7
12,"TEN","Tennessee Titans","0",13,36,"DST","NE",3,2,7,0,0,0,0,0,36,-2,-2,"0",0,-23,0,93,1,1,264,1,11,93,1,2,49.42,0,1,0,0,1,2,1,310,106,20
12,"WAS","Washington Commanders","1",17,15,"DST","SEA",3,2,10,0,1,0,0,0,13,8,8,"1",1,2,0,223,1,1,152,1,27,223,1,0,62.42,1,1,100,23,0,1,3,247,34,1
13,"ARI","Arizona Cardinals","0",33,22,"DST","CHI",3,3,6,4,0,0,0,0,22,11,11,"1",4,11,0,123,2,0,137,2,11,123,2,0,62.92,2,2,100,33,3,3,9,229,112,2
13,"ATL","Atlanta Falcons","1",17,30,"DST","TB",1,0,1,1,0,0,1,0,30,7,7,"0",1,-13,6,297,0,0,121,1,30,297,0,1,57.68,1,1,100,21,2,2,5,368,57,6
13,"BAL","Baltimore Ravens","0",19,20,"DST","PIT",1,1,3,0,0,0,0,0,20,2,2,"0",0,-1,0,253,1,1,108,1,23,253,1,0,60.22,2,2,100,35,1,1,7,236,85,8
13,"BUF","Buffalo Bills","1",10,14,"DST","NE",9,0,0,0,1,0,0,0,14,3,3,"0",1,-4,0,145,1,0,99,0,15,145,1,1,38.2,1,2,50,35,1,1,4,19,222,6
13,"CHI","Chicago Bears","1",22,33,"DST","ARI",6,1,1,0,0,0,0,0,33,0,0,"0",0,-11,0,229,2,4,112,1,26,229,2,0,65.26,0,0,0,0,2,2,2,123,137,9
13,"CIN","Cincinnati Bengals","1",22,41,"DST","LAC",6,4,11,1,2,0,0,0,35,6,6,"0",3,-19,0,300,1,2,96,2,24,300,1,2,65.6,1,1,100,48,1,2,4,317,79,9
13,"DAL","Dallas Cowboys","0",27,17,"DST","NO",6,2,6,4,0,0,1,0,17,17,17,"1",4,10,6,238,1,1,146,1,26,238,1,0,61.92,2,2,100,55,3,3,11,264,153,5
13,"DEN","Denver Broncos","0",9,22,"DST","KC",3,1,3,1,0,0,0,0,16,4,4,"0",1,-13,0,257,1,2,154,0,22,257,1,0,57.38,1,1,100,42,0,0,3,184,89,12
13,"DET","Detroit Lions","1",29,27,"DST","MIN",7,3,8,0,1,0,0,0,27,5,5,"1",1,2,0,296,3,1,100,0,25,296,3,1,77.44,3,3,100,49,2,2,11,340,100,9
13,"HOU","Houston Texans","1",0,31,"DST","IND",5,1,3,0,1,0,0,0,31,2,2,"0",1,-31,0,94,0,1,84,0,11,94,0,1,17.56,0,0,0,0,0,0,0,158,239,7
13,"IND","Indianapolis Colts","0",31,0,"DST","HOU",4,4,11,1,1,0,0,0,0,18,18,"1",2,31,0,158,1,0,239,3,15,158,1,1,72.02,1,2,50,23,4,4,7,94,84,0
13,"JAX","Jacksonville Jaguars","0",7,37,"DST","LAR",2,1,2,0,0,0,0,0,37,-3,-3,"0",0,-30,0,145,0,0,61,1,16,145,0,2,28.4,0,0,0,0,1,1,1,295,128,13
13,"KC","Kansas City Chiefs","1",22,9,"DST","DEN",2,1,8,2,1,0,1,0,9,17,17,"1",3,13,6,184,0,1,89,1,15,184,0,0,38.66,3,3,100,56,1,2,12,257,154,3
13,"LAC","Los Angeles Chargers","0",41,22,"DST","CIN",5,6,11,2,2,0,1,0,22,20,20,"1",4,19,6,317,3,1,79,1,26,317,3,2,86.28,2,2,100,43,3,4,9,300,96,4
13,"LAR","Los Angeles Rams","1",37,7,"DST","JAX",3,2,6,0,2,0,0,0,7,10,10,"1",2,30,0,295,3,0,128,1,26,295,3,0,90.1,3,3,100,44,4,4,13,145,61,1
13,"LV","Las Vegas Raiders","1",15,17,"DST","WAS",5,1,5,1,0,0,0,0,17,4,4,"0",1,-2,0,249,0,0,76,1,28,249,0,0,48.46,3,3,100,52,0,0,11,196,113,5
13,"MIA","Miami Dolphins","1",20,9,"DST","NYG",7,3,8,1,0,0,0,0,9,9,9,"1",1,11,0,244,2,0,68,0,30,244,2,0,60.96,2,3,66.7,48,2,2,8,187,91,11
13,"MIN","Minnesota Vikings","0",27,29,"DST","DET",2,3,7,1,1,0,0,0,29,6,6,"0",2,-2,0,340,2,0,100,1,28,342,2,1,81.8,3,3,100,41,0,0,9,296,100,11
13,"NE","New England Patriots","0",14,10,"DST","BUF",3,2,5,0,1,0,0,0,10,8,8,"1",1,4,0,19,0,0,222,1,2,19,0,0,32.86,2,2,100,41,0,0,6,145,99,4
13,"NO","New Orleans Saints","1",17,27,"DST","DAL",2,1,7,1,0,0,0,0,21,3,3,"0",1,-10,0,264,2,4,153,0,19,264,2,0,64.26,1,2,50,42,2,2,5,238,146,11
13,"NYG","New York Giants","0",9,20,"DST","MIA",3,2,3,0,0,0,0,0,20,3,3,"0",0,-11,0,187,0,1,91,0,23,187,0,0,33.28,3,4,75,51,0,0,11,244,68,8
13,"NYJ","New York Jets","1",18,33,"DST","PHI",3,2,3,0,0,0,0,0,33,1,1,"0",0,-15,0,226,2,1,70,1,23,226,2,0,62.64,0,0,0,0,0,2,0,242,185,15
13,"PHI","Philadelphia Eagles","0",33,18,"DST","NYJ",2,2,5,1,0,0,0,0,18,5,5,"1",1,15,0,242,2,0,185,1,20,242,2,0,78.38,4,4,100,46,3,3,15,226,70,0
13,"PIT","Pittsburgh Steelers","1",20,19,"DST","BAL",9,7,10,1,0,0,0,0,19,10,10,"1",1,1,0,236,2,0,85,0,21,236,2,0,65.54,2,2,100,53,0,1,8,253,108,7
13,"SEA","Seattle Seahawks","1",30,23,"DST","SF",2,1,3,2,1,1,0,0,23,9,9,"1",3,7,2,231,2,1,146,2,25,225,2,0,76.34,0,1,0,0,4,4,4,299,71,7
13,"SF","San Francisco 49ers","0",23,30,"DST","SEA",6,4,8,1,2,0,0,0,28,9,9,"0",3,-7,0,299,2,2,71,1,20,299,2,0,70.96,1,1,100,50,2,3,7,231,146,4
13,"TB","Tampa Bay Buccaneers","0",30,17,"DST","ATL",6,5,11,0,1,0,0,0,11,11,11,"1",1,13,0,368,4,1,57,0,38,368,4,0,95.22,1,1,100,31,3,4,6,297,121,5
13,"WAS","Washington Commanders","0",17,15,"DST","LV",3,2,4,0,0,0,0,0,15,3,3,"1",0,2,0,196,2,1,113,0,22,197,2,0,56.84,1,1,100,48,2,2,5,249,76,11
14,"ARI","Arizona Cardinals","1",23,30,"DST","LAR",5,3,4,0,0,0,0,0,30,2,2,"0",0,-7,0,383,0,2,103,2,32,383,0,0,71.92,3,3,100,53,2,2,15,287,89,14
14,"ATL","Atlanta Falcons","0",29,21,"DST","CAR",7,1,4,2,1,0,1,0,21,13,13,"1",3,8,6,190,1,0,128,1,19,190,1,1,53.4,3,3,100,48,2,2,11,253,91,3
14,"BAL","Baltimore Ravens","0",22,24,"DST","CLE",2,0,1,1,0,0,0,0,18,3,3,"0",1,-2,0,287,1,0,118,1,31,287,1,2,63.98,3,3,100,55,1,1,14,190,100,6
14,"BUF","Buffalo Bills","0",27,33,"DST","TB",4,2,4,0,0,0,0,0,33,1,1,"0",0,-6,0,308,2,1,173,1,36,308,2,0,84.42,2,2,100,25,3,3,9,363,137,9
14,"CAR","Carolina Panthers","1",21,29,"DST","ATL",4,0,7,0,1,0,0,0,23,2,2,"0",1,-8,0,253,1,2,91,2,21,253,1,1,60.52,0,0,0,0,3,3,3,190,128,11
14,"CHI","Chicago Bears","0",30,45,"DST","GB",3,3,4,0,0,0,0,1,39,5,5,"0",0,-15,6,224,2,2,137,0,18,224,2,1,59.06,3,3,100,44,3,3,12,341,120,9
14,"CIN","Cincinnati Bengals","1",23,26,"DST","SF",6,5,9,0,0,0,0,0,26,5,5,"0",0,-3,0,348,2,0,86,0,25,348,2,0,77.32,3,4,75,41,2,2,11,296,100,8
14,"CLE","Cleveland Browns","1",24,22,"DST","BAL",5,4,7,0,2,0,1,0,22,14,14,"1",2,2,6,190,2,1,100,0,22,190,2,0,54.6,1,2,50,43,3,3,6,287,118,14
14,"DAL","Dallas Cowboys","0",27,20,"DST","WAS",4,5,9,1,3,0,1,0,14,20,20,"1",4,7,6,211,1,2,122,0,22,211,1,0,49.74,4,4,100,38,1,1,13,175,100,0
14,"DEN","Denver Broncos","1",38,10,"DST","DET",5,2,4,1,1,0,0,0,10,10,10,"1",2,28,0,179,2,0,184,3,18,179,2,0,81.46,1,1,100,52,5,5,10,215,118,4
14,"DET","Detroit Lions","0",10,38,"DST","DEN",4,1,4,0,0,0,0,0,38,-3,-3,"0",0,-28,0,215,1,1,118,0,23,217,1,1,48.1,1,1,100,36,1,1,4,179,184,10
14,"GB","Green Bay Packers","1",45,30,"DST","CHI",1,2,9,2,1,0,1,0,30,13,13,"1",3,15,6,341,4,0,120,1,29,341,4,0,105.74,1,1,100,20,6,6,9,224,137,12
14,"HOU","Houston Texans","1",13,33,"DST","SEA",4,0,2,0,0,0,0,0,33,-1,-1,"0",0,-20,0,331,1,0,63,0,33,331,1,0,62.64,2,2,100,61,1,1,9,260,193,7
14,"JAX","Jacksonville Jaguars","0",0,20,"DST","TEN",7,4,10,0,0,0,0,0,20,5,5,"0",0,-20,0,221,0,4,8,0,24,221,0,0,23.74,0,0,0,0,0,0,0,191,105,8
14,"KC","Kansas City Chiefs","1",48,9,"DST","LV",0,4,11,1,4,0,1,0,9,24,24,"1",5,39,6,258,2,0,134,3,20,258,2,0,87.52,2,2,100,54,6,6,14,263,40,3
14,"LAC","Los Angeles Chargers","1",37,21,"DST","NYG",4,2,7,1,1,0,0,0,21,6,6,"1",2,16,0,275,3,0,154,1,23,275,3,0,89.9,3,3,100,39,4,4,13,191,135,1
14,"LAR","Los Angeles Rams","0",30,23,"DST","ARI",6,4,6,2,0,0,0,0,23,8,8,"1",2,7,0,287,3,0,89,0,23,287,3,0,79.08,3,3,100,55,3,3,14,383,103,15
14,"LV","Las Vegas Raiders","0",9,48,"DST","KC",5,3,4,0,0,0,0,0,42,-1,-1,"0",0,-39,0,263,1,1,40,0,33,263,1,4,40.82,1,1,100,26,0,1,3,258,134,14
14,"MIN","Minnesota Vikings","1",36,28,"DST","PIT",8,5,7,1,0,0,0,0,28,6,6,"1",1,8,0,216,2,2,242,2,14,216,2,0,82.44,3,4,75,42,3,4,12,308,108,2
14,"NO","New Orleans Saints","0",30,9,"DST","NYJ",3,3,4,0,0,0,0,0,9,7,7,"1",0,21,0,175,0,0,203,3,15,175,0,0,62.8,3,3,100,37,3,3,12,202,78,9
14,"NYG","New York Giants","0",21,37,"DST","LAC",4,2,6,0,0,0,0,0,37,-2,-2,"0",0,-16,0,191,2,1,135,1,17,191,2,1,64.24,0,0,0,0,1,1,1,275,154,13
14,"NYJ","New York Jets","1",9,30,"DST","NO",8,3,3,0,0,0,0,0,30,2,2,"0",0,-21,0,202,0,0,78,0,19,202,0,0,36.08,3,3,100,46,0,0,9,175,203,12
14,"PIT","Pittsburgh Steelers","0",28,36,"DST","MIN",4,0,6,2,0,0,0,0,36,0,0,"0",2,-8,0,308,3,1,108,1,28,308,3,0,91.92,0,1,0,0,2,2,2,216,242,12
14,"SEA","Seattle Seahawks","0",33,13,"DST","HOU",7,2,5,0,0,0,0,0,13,6,6,"1",0,20,0,260,2,0,193,2,17,260,2,0,91.7,2,2,100,38,1,3,7,331,63,9
14,"SF","San Francisco 49ers","0",26,23,"DST","CIN",6,5,6,0,2,0,0,0,23,9,9,"1",2,3,0,296,2,0,100,1,27,296,2,0,77.44,2,3,66.7,33,2,2,8,348,86,11
14,"TB","Tampa Bay Buccaneers","1",33,27,"DST","BUF",4,3,11,1,0,0,0,0,27,5,5,"1",1,6,0,363,2,0,137,2,31,363,2,0,96.52,2,2,100,24,3,3,9,308,173,9
14,"TEN","Tennessee Titans","1",20,0,"DST","JAX",5,3,6,4,0,0,0,0,0,21,21,"1",4,20,0,191,0,0,105,2,20,191,0,0,49.24,2,3,66.7,44,2,2,8,221,8,0
14,"WAS","Washington Commanders","1",20,27,"DST","DAL",4,4,5,2,0,0,1,0,21,14,14,"0",2,-7,6,175,1,1,100,1,15,175,1,3,44.5,0,0,0,0,0,1,0,211,122,13
15,"ARI","Arizona Cardinals","0",12,30,"DST","DET",5,2,5,0,1,0,0,0,30,3,3,"0",1,-18,0,313,1,1,105,0,29,313,1,0,62.32,2,2,100,29,0,0,6,216,126,12
15,"ATL","Atlanta Falcons","0",13,31,"DST","SF",1,0,3,0,1,0,0,0,31,1,1,"0",1,-18,0,236,1,0,62,0,19,236,1,1,47.24,2,2,100,48,1,1,7,235,149,7
15,"BAL","Baltimore Ravens","1",30,31,"DST","GB",3,3,4,0,0,0,0,0,31,2,2,"0",0,-1,0,215,2,0,143,2,28,215,2,0,76.4,1,1,100,38,3,3,6,268,96,7
15,"BUF","Buffalo Bills","1",31,14,"DST","CAR",7,4,6,1,0,0,0,0,14,7,7,"1",1,17,0,210,3,1,119,1,19,210,3,0,75.3,1,1,100,26,4,4,7,156,151,NA
15,"CAR","Carolina Panthers","0",14,31,"DST","BUF",2,4,6,1,0,0,0,0,31,5,5,"0",1,-17,0,156,1,1,151,1,18,156,1,0,54.94,NA,NA,NA,NA,NA,NA,NA,210,119,7
15,"CHI","Chicago Bears","1",9,17,"DST","MIN",4,4,6,1,0,0,0,0,17,7,7,"0",1,-8,0,285,1,0,115,0,26,285,1,3,55.4,1,2,50,34,0,0,3,87,132,5
15,"CIN","Cincinnati Bengals","0",15,10,"DST","DEN",5,3,8,0,1,0,0,0,10,9,9,"1",1,5,0,157,1,0,113,0,15,157,1,0,43.28,3,3,100,58,0,0,13,186,133,6
15,"CLE","Cleveland Browns","1",14,16,"DST","LV",4,2,3,1,1,0,0,0,16,7,7,"0",2,-2,0,147,1,0,89,1,20,147,1,0,45.48,0,1,0,0,2,2,2,236,96,10
15,"DAL","Dallas Cowboys","0",21,6,"DST","NYG",1,1,5,3,1,0,0,0,6,16,16,"1",4,15,0,217,1,0,125,1,28,217,1,1,56.88,3,3,100,42,0,2,9,82,124,6
15,"DEN","Denver Broncos","1",10,15,"DST","CIN",3,3,7,0,0,0,0,0,15,4,4,"0",0,-5,0,186,1,0,133,0,18,186,1,1,47.34,1,2,50,54,1,1,6,157,113,13
15,"DET","Detroit Lions","1",30,12,"DST","ARI",3,2,4,1,0,0,0,0,12,8,8,"1",1,18,0,216,3,0,126,0,19,205,3,0,71.74,3,3,100,47,3,3,12,313,105,6
15,"GB","Green Bay Packers","0",31,30,"DST","BAL",3,1,2,0,0,0,0,0,30,0,0,"1",0,1,0,268,3,0,96,1,23,268,3,0,83.12,1,1,100,29,4,4,7,215,143,6
15,"HOU","Houston Texans","0",30,16,"DST","JAX",6,3,4,0,0,0,0,1,16,10,10,"1",0,14,6,209,2,1,75,0,19,209,2,0,54.76,3,3,100,52,3,3,16,210,107,10
15,"IND","Indianapolis Colts","1",27,17,"DST","NE",4,1,5,2,0,0,0,1,17,12,12,"1",2,10,6,57,1,1,226,1,5,57,1,0,44.58,2,3,66.7,41,3,3,9,299,81,5
15,"JAX","Jacksonville Jaguars","1",16,30,"DST","HOU",2,1,3,1,0,0,0,0,30,2,2,"0",1,-14,0,210,0,0,107,1,22,210,0,0,46.1,3,3,100,38,1,1,10,209,75,16
15,"KC","Kansas City Chiefs","0",34,28,"DST","LAC",0,0,3,1,1,0,0,0,28,3,3,"1",2,6,0,410,3,1,86,1,31,410,3,1,102,2,2,100,33,2,2,8,236,192,4
15,"LAC","Los Angeles Chargers","1",28,34,"DST","KC",2,1,5,1,1,0,0,0,34,4,4,"0",2,-6,0,236,2,1,192,2,22,236,2,1,80.24,0,0,0,0,4,4,4,410,86,8
15,"LAR","Los Angeles Rams","1",20,10,"DST","SEA",5,3,6,1,0,0,0,0,10,9,9,"1",1,10,0,244,2,1,123,0,21,244,2,0,64.46,2,2,100,55,2,2,10,156,80,4
15,"LV","Las Vegas Raiders","0",16,14,"DST","CLE",3,0,4,0,0,0,0,0,14,1,1,"1",0,2,0,236,1,1,96,0,24,237,1,1,48.74,3,3,100,48,1,1,10,147,89,2
15,"MIA","Miami Dolphins","1",31,24,"DST","NYJ",7,6,7,0,1,0,0,0,18,9,9,"1",1,7,0,196,2,2,183,2,15,195,1,0,67.64,1,1,100,24,4,4,7,170,102,6
15,"MIN","Minnesota Vikings","0",17,9,"DST","CHI",5,3,7,0,3,0,0,0,9,13,13,"1",3,8,0,87,2,1,132,0,12,87,2,0,43.38,1,1,100,37,2,2,5,285,115,3
15,"NE","New England Patriots","0",17,27,"DST","IND",3,1,1,1,0,0,0,0,27,3,3,"0",1,-10,0,299,2,2,81,0,26,299,2,0,65.96,1,1,100,25,2,2,5,57,226,9
15,"NO","New Orleans Saints","0",9,0,"DST","TB",6,4,7,1,1,0,0,0,0,18,18,"1",2,9,0,154,0,0,61,0,13,154,0,0,27.66,3,3,100,42,0,0,9,214,118,0
15,"NYG","New York Giants","1",6,21,"DST","DAL",3,3,7,0,1,0,0,0,21,5,5,"0",1,-15,0,82,0,0,124,0,19,181,0,1,31.78,2,2,100,42,0,0,6,217,125,9
15,"NYJ","New York Jets","0",24,31,"DST","MIA",0,1,4,2,1,0,1,0,31,12,12,"0",3,-7,6,170,0,0,102,2,13,170,0,1,44,1,1,100,27,3,3,6,196,183,7
15,"PHI","Philadelphia Eagles","1",27,17,"DST","WAS",5,2,7,0,0,0,0,0,17,3,3,"1",0,10,0,296,1,1,238,2,20,296,1,1,83.24,2,2,100,37,3,3,9,194,63,5
15,"PIT","Pittsburgh Steelers","1",19,13,"DST","TEN",4,4,8,1,3,0,0,0,13,16,16,"1",4,6,0,148,0,0,35,1,15,148,0,0,30.22,4,5,80,48,1,1,13,153,201,7
15,"SEA","Seattle Seahawks","0",10,20,"DST","LAR",7,4,6,1,0,0,0,0,20,7,7,"0",1,-10,0,156,0,1,80,1,17,156,0,0,33.84,1,1,100,39,1,1,4,244,123,10
15,"SF","San Francisco 49ers","1",31,13,"DST","ATL",2,3,10,0,2,0,0,0,13,11,11,"1",2,18,0,235,1,0,149,3,17,232,1,0,75.5,1,1,100,30,4,4,7,236,62,7
15,"TB","Tampa Bay Buccaneers","1",0,9,"DST","NO",10,2,3,0,0,0,0,0,9,6,6,"0",0,-9,0,214,0,1,118,0,26,214,0,1,37.76,0,1,0,0,0,0,0,154,61,9
15,"TEN","Tennessee Titans","0",13,19,"DST","PIT",5,3,4,0,0,0,0,0,19,4,4,"0",0,-6,0,153,0,1,201,1,20,135,0,1,41.72,2,2,100,32,1,1,7,148,35,13
15,"WAS","Washington Commanders","0",17,27,"DST","PHI",3,3,3,1,1,0,0,0,27,7,7,"0",2,-10,0,194,0,0,63,2,19,196,0,0,45.66,1,1,100,22,2,2,5,296,238,9
16,"ARI","Arizona Cardinals","1",16,22,"DST","IND",10,2,7,0,0,0,0,0,20,3,3,"0",0,-6,0,245,1,0,133,1,27,245,1,0,63.6,1,3,33.3,28,1,2,4,225,126,8
16,"ATL","Atlanta Falcons","1",20,16,"DST","DET",3,0,2,1,0,0,0,0,16,3,3,"1",1,4,0,215,1,0,47,1,18,215,1,1,48.8,2,2,100,53,2,2,10,187,130,10
16,"BAL","Baltimore Ravens","0",21,41,"DST","CIN",4,3,6,0,0,0,0,0,41,-1,-1,"0",0,-20,0,304,2,1,39,1,28,304,2,0,70.46,0,0,0,0,3,3,3,525,77,11
16,"BUF","Buffalo Bills","0",33,21,"DST","NE",2,1,4,2,0,0,0,0,21,5,5,"1",2,12,0,314,3,0,114,1,30,314,3,0,91.36,2,2,100,34,3,3,9,145,149,3
16,"CAR","Carolina Panthers","1",6,32,"DST","TB",6,0,2,0,0,0,0,0,32,-1,-1,"0",0,-26,0,251,0,1,67,0,22,251,0,0,39.84,2,2,100,29,0,0,6,232,160,14
16,"CHI","Chicago Bears","0",25,24,"DST","SEA",3,2,7,0,0,0,0,0,24,2,2,"1",0,1,0,250,1,0,88,2,24,250,1,0,69.8,1,1,100,35,2,2,5,181,170,6
16,"CIN","Cincinnati Bengals","1",41,21,"DST","BAL",4,1,5,1,0,0,0,0,21,3,3,"1",1,20,0,525,4,0,77,1,37,525,4,0,127.2,2,3,66.7,36,5,5,11,304,39,3
16,"CLE","Cleveland Browns","0",22,24,"DST","GB",3,0,4,0,0,0,0,0,24,0,0,"0",0,-2,0,222,2,4,219,1,21,222,2,0,70.98,1,1,100,37,1,2,4,202,119,6
16,"DAL","Dallas Cowboys","1",56,14,"DST","WAS",5,5,10,2,0,0,1,1,8,25,25,"1",2,42,12,400,5,0,108,1,29,399,4,0,116.7,0,0,0,0,8,8,8,188,85,2
16,"DEN","Denver Broncos","0",13,17,"DST","LV",3,2,4,1,2,0,0,0,17,9,9,"0",3,-4,0,153,0,0,22,1,14,149,0,0,29.22,2,3,66.7,55,1,1,9,201,160,5
16,"DET","Detroit Lions","0",16,20,"DST","ATL",4,3,4,0,1,0,0,0,20,6,6,"0",1,-4,0,187,1,1,130,0,25,208,1,0,49.28,3,3,100,37,1,1,10,215,47,10
16,"GB","Green Bay Packers","1",24,22,"DST","CLE",5,5,6,4,0,0,0,0,22,13,13,"1",4,2,0,202,3,0,119,0,24,202,3,0,70.18,1,1,100,32,3,3,6,222,219,4
16,"HOU","Houston Texans","1",41,29,"DST","LAC",1,1,2,2,1,0,1,0,29,12,12,"1",3,12,6,254,2,0,182,2,21,254,2,0,85.76,2,3,66.7,51,5,5,13,336,89,11
16,"IND","Indianapolis Colts","0",22,16,"DST","ARI",0,0,0,0,0,1,0,0,16,3,3,"1",0,6,2,225,2,0,126,0,18,225,2,0,64.1,2,3,66.7,41,2,2,8,245,133,4
16,"JAX","Jacksonville Jaguars","0",21,26,"DST","NYJ",2,1,2,0,0,0,1,0,26,7,7,"0",0,-5,6,280,0,0,128,1,26,280,0,1,56,3,3,100,45,0,0,9,102,269,8
16,"KC","Kansas City Chiefs","1",36,10,"DST","PIT",4,2,2,1,3,0,0,0,10,14,14,"1",4,26,0,258,3,0,127,1,23,258,3,0,84.82,3,4,75,44,3,4,12,194,130,4
16,"LAC","Los Angeles Chargers","0",29,41,"DST","HOU",4,1,2,0,0,0,0,0,35,-3,-3,"0",0,-12,0,336,1,2,89,2,27,336,1,1,75.94,3,3,100,50,0,0,11,254,182,13
16,"LAR","Los Angeles Rams","0",30,23,"DST","MIN",8,3,4,1,0,0,0,1,23,11,11,"1",1,7,6,197,1,3,160,1,21,197,1,0,53.58,3,3,100,32,3,3,12,315,66,11
16,"LV","Las Vegas Raiders","1",17,13,"DST","DEN",5,2,3,0,0,0,0,0,13,6,6,"1",0,4,0,201,1,1,160,1,20,201,1,2,54.14,1,1,100,41,2,2,5,153,22,9
16,"MIA","Miami Dolphins","0",20,3,"DST","NO",6,8,14,2,0,0,1,0,3,25,25,"1",2,17,6,198,1,1,86,0,19,198,1,0,44.32,2,3,66.7,48,2,2,8,135,83,3
16,"MIN","Minnesota Vikings","1",23,30,"DST","LAR",1,0,5,3,0,0,0,0,30,5,5,"0",3,-7,0,315,1,1,66,1,27,315,1,0,64.7,3,3,100,44,2,2,11,197,160,12
16,"NE","New England Patriots","1",21,33,"DST","BUF",1,0,4,0,0,0,0,0,33,-1,-1,"0",0,-12,0,145,0,2,149,3,14,145,0,0,49.2,0,0,0,0,3,3,3,314,114,9
16,"NO","New Orleans Saints","1",3,20,"DST","MIA",4,3,5,1,0,0,0,0,14,6,6,"0",1,-17,0,135,0,2,83,0,12,135,0,0,23.2,1,1,100,38,0,0,3,198,86,8
16,"NYG","New York Giants","0",10,34,"DST","PHI",0,1,5,0,0,0,0,0,28,0,0,"0",0,-24,0,118,1,2,84,0,23,118,1,0,30.92,1,1,100,54,1,1,6,199,130,10
16,"NYJ","New York Jets","1",26,21,"DST","JAX",0,1,4,0,1,0,0,1,15,10,10,"1",1,5,6,102,1,0,269,1,13,101,0,0,51.08,2,2,100,42,2,3,8,280,128,9
16,"PHI","Philadelphia Eagles","1",34,10,"DST","NYG",6,2,5,2,0,0,1,0,10,16,16,"1",2,24,6,199,2,0,130,1,16,194,1,0,60.36,2,3,66.7,37,4,4,10,118,84,6
16,"PIT","Pittsburgh Steelers","0",10,36,"DST","KC",3,2,3,0,0,0,0,0,36,-2,-2,"0",0,-26,0,194,1,1,130,0,28,194,1,2,44.16,1,2,50,34,1,1,4,258,127,12
16,"SEA","Seattle Seahawks","1",24,25,"DST","CHI",8,4,9,0,0,0,0,0,25,4,4,"0",0,-1,0,181,2,0,170,1,16,181,2,0,68.34,1,2,50,36,3,3,6,250,88,5
16,"SF","San Francisco 49ers","0",17,20,"DST","TEN",9,4,9,0,0,0,0,0,20,5,5,"0",0,-3,0,322,1,2,83,1,26,322,1,0,65.38,1,1,100,48,2,2,5,209,90,8
16,"TB","Tampa Bay Buccaneers","0",32,6,"DST","CAR",8,7,11,1,0,0,0,0,6,16,16,"1",1,26,0,232,1,0,160,2,18,232,1,0,70.48,4,4,100,48,2,2,14,251,67,6
16,"TEN","Tennessee Titans","1",20,17,"DST","SF",3,2,3,2,0,0,0,0,17,7,7,"1",2,3,0,209,1,0,90,1,21,210,1,0,54.36,2,2,100,44,2,2,8,322,83,5
16,"WAS","Washington Commanders","0",14,56,"DST","DAL",4,3,5,0,0,0,1,0,50,5,5,"0",0,-42,6,188,2,2,85,0,14,192,2,0,51.22,0,0,0,0,2,2,2,400,108,8
17,"ARI","Arizona Cardinals","0",25,22,"DST","DAL",4,1,6,0,1,0,0,0,22,3,3,"1",1,3,0,263,2,0,127,0,27,286,2,0,71.82,4,4,100,53,1,1,15,257,45,2
17,"ATL","Atlanta Falcons","0",15,29,"DST","BUF",2,1,3,3,0,0,0,0,27,7,7,"0",3,-14,0,197,0,0,96,1,13,197,0,1,41.18,2,2,100,28,1,1,7,120,233,3
17,"BAL","Baltimore Ravens","1",19,20,"DST","LAR",2,1,4,2,1,0,1,0,20,14,14,"0",3,-1,6,197,0,1,165,0,20,197,0,1,40.08,4,4,100,46,1,1,13,309,73,2
17,"BUF","Buffalo Bills","1",29,15,"DST","ATL",6,5,8,0,1,1,0,0,15,10,10,"1",1,14,2,120,0,3,233,4,11,120,0,0,62.1,0,0,0,0,3,3,3,197,96,7
17,"CAR","Carolina Panthers","0",10,18,"DST","NO",9,2,6,0,0,0,0,0,18,3,3,"0",0,-8,0,132,0,1,88,1,17,132,0,1,29.28,1,2,50,32,1,1,4,222,79,12
17,"CHI","Chicago Bears","1",29,3,"DST","NYG",6,4,5,2,2,1,0,0,3,21,21,"1",4,26,2,173,1,2,87,2,18,173,1,0,50.92,2,2,100,44,3,3,9,0,148,3
17,"CIN","Cincinnati Bengals","1",34,31,"DST","KC",1,0,4,0,0,0,0,0,31,-1,-1,"1",0,3,0,446,4,0,60,0,30,446,4,0,108.44,2,2,100,46,4,4,10,259,155,7
17,"CLE","Cleveland Browns","0",14,26,"DST","PIT",4,2,4,1,0,0,0,0,26,4,4,"0",1,-12,0,185,2,2,93,0,16,185,2,0,51.2,0,0,0,0,2,2,2,123,190,16
17,"DAL","Dallas Cowboys","1",22,25,"DST","ARI",4,1,4,0,0,0,0,0,25,1,1,"0",0,-3,0,257,3,0,45,0,25,257,3,1,72.48,0,1,0,0,2,2,2,263,127,15
17,"DEN","Denver Broncos","0",13,34,"DST","LAC",4,0,3,0,0,0,0,0,34,-1,-1,"0",0,-21,0,246,1,0,83,0,19,246,1,0,52.74,2,2,100,61,1,1,9,237,104,10
17,"DET","Detroit Lions","0",29,51,"DST","SEA",4,1,3,0,0,0,0,0,51,-3,-3,"0",0,-22,0,262,2,3,95,2,21,256,1,0,69.58,0,1,0,0,3,3,3,236,265,17
17,"GB","Green Bay Packers","1",37,10,"DST","MIN",6,2,5,0,0,0,0,0,10,6,6,"1",0,27,0,307,2,0,174,2,31,307,2,0,92.38,3,3,100,37,4,4,13,194,27,6
17,"HOU","Houston Texans","0",7,23,"DST","SF",5,1,2,1,0,0,0,0,23,3,3,"0",1,-16,0,163,1,1,86,0,21,163,1,0,39.42,0,1,0,0,1,1,1,249,175,11
17,"IND","Indianapolis Colts","1",20,23,"DST","LV",2,2,8,2,0,0,0,0,23,6,6,"0",2,-3,0,148,1,0,122,1,16,148,1,0,48.92,2,2,100,46,2,2,8,255,85,11
17,"JAX","Jacksonville Jaguars","0",10,50,"DST","NE",1,0,0,0,0,0,0,0,50,-4,-4,"0",0,-40,0,193,1,3,80,0,17,193,1,0,39.02,1,1,100,29,1,1,4,290,181,8
17,"KC","Kansas City Chiefs","0",31,34,"DST","CIN",4,4,10,0,0,0,0,0,34,3,3,"0",0,-3,0,259,2,0,155,2,26,259,2,0,83.76,1,1,100,34,4,4,7,446,60,10
17,"LAC","Los Angeles Chargers","1",34,13,"DST","DEN",5,1,3,0,1,0,0,1,13,13,13,"1",1,21,6,237,2,0,104,1,22,237,2,0,69.58,2,2,100,23,4,4,10,246,83,9
17,"LAR","Los Angeles Rams","0",20,19,"DST","BAL",7,5,7,1,1,0,0,0,13,13,13,"1",2,1,0,309,2,2,73,1,26,309,2,1,70.56,0,1,0,0,2,2,2,197,165,13
17,"LV","Las Vegas Raiders","0",23,20,"DST","IND",3,1,7,0,1,0,0,0,20,4,4,"1",1,3,0,255,1,2,85,1,24,255,1,0,56.2,3,3,100,47,2,2,11,148,122,8
17,"MIA","Miami Dolphins","0",3,34,"DST","TEN",6,1,2,0,0,0,0,0,34,0,0,"0",0,-31,0,205,0,1,74,0,18,205,0,1,32.1,1,2,50,39,0,0,3,120,198,10
17,"MIN","Minnesota Vikings","0",10,37,"DST","GB",2,0,3,0,0,0,0,0,37,-4,-4,"0",0,-27,0,194,1,0,27,0,23,173,1,0,37.76,1,1,100,51,1,1,6,307,174,13
17,"NE","New England Patriots","1",50,10,"DST","JAX",3,2,3,3,0,0,0,0,10,12,12,"1",3,40,0,290,3,0,181,4,25,290,3,0,112.7,1,1,100,43,5,6,8,193,80,4
17,"NO","New Orleans Saints","1",18,10,"DST","CAR",10,7,8,1,1,0,0,0,10,15,15,"1",2,8,0,222,1,0,79,0,17,222,1,0,48.98,4,4,100,41,0,1,12,132,88,4
17,"NYG","New York Giants","0",3,29,"DST","CHI",4,2,5,2,0,0,0,0,27,6,6,"0",2,-26,0,0,0,0,148,0,4,24,0,0,17.2,1,1,100,38,0,0,3,173,87,9
17,"NYJ","New York Jets","1",24,28,"DST","TB",4,1,4,1,0,0,0,0,28,2,2,"0",1,-4,0,234,1,0,150,2,19,234,1,1,67.76,1,1,100,51,3,3,8,410,62,8
17,"PHI","Philadelphia Eagles","0",20,16,"DST","WAS",3,3,5,1,0,0,0,0,16,6,6,"1",1,4,0,214,0,0,121,2,17,214,0,0,54.06,2,2,100,42,2,2,8,247,94,12
17,"PIT","Pittsburgh Steelers","1",26,14,"DST","CLE",10,9,11,2,0,0,0,0,14,14,14,"1",2,12,0,123,1,1,190,1,23,123,1,0,50.22,4,4,100,50,2,2,16,185,93,2
17,"SEA","Seattle Seahawks","1",51,29,"DST","DET",3,0,5,3,0,0,0,0,29,5,5,"1",3,22,0,236,4,0,265,2,20,236,4,0,111.54,3,3,100,51,6,6,17,262,95,3
17,"SF","San Francisco 49ers","1",23,7,"DST","HOU",6,3,8,1,0,0,0,0,7,9,9,"1",1,16,0,249,2,1,175,0,16,249,2,0,70.36,3,3,100,37,2,2,11,163,86,1
17,"TB","Tampa Bay Buccaneers","0",28,24,"DST","NYJ",4,1,4,0,1,0,0,0,24,3,3,"1",1,4,0,410,3,1,62,0,34,410,3,0,93.6,2,2,100,39,2,2,8,234,150,8
17,"TEN","Tennessee Titans","1",34,3,"DST","MIA",2,4,3,1,1,0,0,0,3,15,15,"1",2,31,0,120,2,0,198,2,13,120,2,0,68.6,2,2,100,44,4,4,10,205,74,3
17,"WAS","Washington Commanders","1",16,20,"DST","PHI",4,1,3,0,0,0,0,0,20,2,2,"0",0,-4,0,247,0,1,94,1,27,247,0,0,47.98,3,3,100,55,1,1,12,214,121,8
18,"ARI","Arizona Cardinals","1",30,38,"DST","SEA",1,1,7,1,1,0,1,0,38,7,7,"0",2,-8,6,240,1,0,118,1,28,240,1,0,61.4,3,3,100,41,3,3,12,238,202,8
18,"ATL","Atlanta Falcons","1",20,30,"DST","NO",5,1,0,0,0,0,0,0,30,0,0,"0",0,-10,0,216,1,1,32,1,17,218,1,0,47.64,2,2,100,54,2,2,10,178,195,12
18,"BAL","Baltimore Ravens","1",13,16,"DST","PIT",6,1,2,1,0,0,0,0,16,4,4,"0",1,-3,0,141,0,2,249,1,16,141,0,1,44.64,2,2,100,46,1,1,7,244,79,10
18,"BUF","Buffalo Bills","1",27,10,"DST","NYJ",11,9,10,0,0,0,0,0,10,13,13,"1",0,17,0,254,2,0,170,1,25,254,2,0,78.56,2,2,100,41,3,3,9,87,49,4
18,"CAR","Carolina Panthers","0",17,41,"DST","TB",2,1,2,0,0,0,0,0,41,-3,-3,"0",0,-24,0,219,2,1,110,0,29,219,2,1,57.66,1,1,100,35,2,2,5,326,86,11
18,"CHI","Chicago Bears","0",17,31,"DST","MIN",6,3,8,0,0,0,0,0,25,3,3,"0",0,-14,0,325,1,2,90,0,33,325,1,0,64.5,3,3,100,46,0,0,9,250,104,7
18,"CIN","Cincinnati Bengals","0",16,21,"DST","CLE",1,1,3,1,1,0,1,0,21,11,11,"0",2,-5,6,136,1,0,79,0,15,136,1,0,36.94,1,1,100,36,1,1,4,176,205,3
18,"CLE","Cleveland Browns","1",21,16,"DST","CIN",4,4,6,0,1,0,0,0,10,10,10,"1",1,5,0,176,2,1,205,1,17,176,2,1,67.14,0,0,0,0,3,3,3,136,79,4
18,"DAL","Dallas Cowboys","0",51,26,"DST","PHI",4,3,7,1,0,0,0,0,26,5,5,"1",1,25,0,305,5,0,171,2,22,305,5,0,121.8,1,1,100,48,6,7,9,188,149,8
18,"DEN","Denver Broncos","1",24,28,"DST","KC",1,1,5,0,0,0,0,0,22,1,1,"0",0,-4,0,178,0,0,191,3,13,178,0,1,60.02,1,1,100,31,3,3,6,270,135,10
18,"DET","Detroit Lions","1",37,30,"DST","GB",1,4,6,2,1,0,0,0,30,9,9,"1",3,7,0,313,3,0,100,1,22,313,3,0,89.82,3,3,100,36,4,4,13,272,122,4
18,"GB","Green Bay Packers","0",30,37,"DST","DET",3,1,4,0,0,0,0,0,37,-3,-3,"0",0,-7,0,272,3,2,122,1,21,256,3,0,82.68,1,1,100,36,1,2,4,313,100,13
18,"HOU","Houston Texans","1",25,28,"DST","TEN",5,1,7,0,0,0,0,0,28,0,0,"0",0,-3,0,301,3,0,64,0,23,301,3,0,82.54,1,1,100,31,2,2,5,287,124,4
18,"IND","Indianapolis Colts","0",11,26,"DST","JAX",3,1,2,0,1,0,0,0,26,3,3,"0",1,-15,0,185,1,1,94,0,17,185,1,1,45.3,1,1,100,41,0,0,3,223,101,14
18,"JAX","Jacksonville Jaguars","1",26,11,"DST","IND",6,6,10,1,1,0,0,0,11,14,14,"1",2,15,0,223,2,0,101,0,23,223,2,0,61.32,4,4,100,39,2,2,14,185,94,3
18,"KC","Kansas City Chiefs","0",28,24,"DST","DEN",3,1,2,0,1,0,1,0,24,9,9,"1",1,4,6,270,2,0,135,0,27,270,2,0,73.3,2,2,100,51,2,2,10,178,191,6
18,"LAC","Los Angeles Chargers","0",32,35,"DST","LV",8,3,6,0,0,0,0,0,35,-1,-1,"0",0,-3,0,383,3,1,85,1,34,383,3,0,100.12,1,2,50,41,3,3,6,190,174,19
18,"LAR","Los Angeles Rams","1",24,27,"DST","SF",6,3,6,2,0,0,0,0,27,7,7,"0",2,-3,0,238,3,2,64,0,21,238,3,0,65.72,1,1,100,43,3,3,6,340,135,9
18,"LV","Las Vegas Raiders","1",35,32,"DST","LAC",6,3,10,1,1,0,0,0,32,6,6,"1",2,3,0,190,2,0,174,1,21,190,2,0,70,5,5,100,52,2,2,19,383,85,6
18,"MIA","Miami Dolphins","1",33,24,"DST","NE",4,2,3,1,2,0,2,0,24,20,20,"1",3,9,12,109,1,0,194,1,15,109,1,0,50.66,2,2,100,49,3,3,9,261,134,6
18,"MIN","Minnesota Vikings","1",31,17,"DST","CHI",8,7,10,2,0,0,1,0,17,18,18,"1",2,14,6,250,3,0,104,0,14,250,3,0,75.4,1,1,100,39,4,4,7,325,90,9
18,"NE","New England Patriots","0",24,33,"DST","MIA",3,1,1,0,0,0,0,0,21,1,1,"0",0,-9,0,261,1,1,134,2,20,261,1,2,65.94,1,1,100,43,3,3,6,109,194,9
18,"NO","New Orleans Saints","0",30,20,"DST","ATL",1,3,9,1,2,0,0,0,20,10,10,"1",3,10,0,178,3,0,195,0,16,178,3,0,74.42,3,4,75,37,3,3,12,216,32,10
18,"NYG","New York Giants","1",7,22,"DST","WAS",5,3,6,0,0,0,0,0,16,4,4,"0",0,-15,0,103,1,2,97,0,15,103,1,1,28.12,0,0,0,0,1,1,1,120,226,10
18,"NYJ","New York Jets","0",10,27,"DST","BUF",4,0,5,0,0,0,0,0,27,0,0,"0",0,-17,0,87,1,0,49,0,7,87,1,0,27.08,1,1,100,49,1,1,4,254,170,9
18,"PHI","Philadelphia Eagles","1",26,51,"DST","DAL",4,1,2,0,0,0,0,0,51,-3,-3,"0",0,-25,0,188,2,1,149,1,20,188,2,0,65.22,2,2,100,40,2,2,8,305,171,9
18,"PIT","Pittsburgh Steelers","0",16,13,"DST","BAL",5,3,7,2,1,0,0,0,13,13,13,"1",3,3,0,244,1,1,79,0,30,244,1,0,50.06,3,3,100,40,1,1,10,141,249,7
18,"SEA","Seattle Seahawks","0",38,30,"DST","ARI",7,5,7,0,1,0,0,0,24,7,7,"1",1,8,0,238,3,1,202,2,15,238,3,1,91.52,1,1,100,38,5,5,8,240,118,12
18,"SF","San Francisco 49ers","0",27,24,"DST","LAR",8,5,13,2,0,0,0,0,24,9,9,"1",2,3,0,340,2,2,135,1,24,340,2,0,83.1,2,2,100,42,3,3,9,238,64,6
18,"TB","Tampa Bay Buccaneers","1",41,17,"DST","CAR",7,2,6,1,1,0,0,0,17,7,7,"1",2,24,0,326,3,0,86,2,29,326,3,0,96.24,2,3,66.7,40,5,5,11,219,110,5
18,"TEN","Tennessee Titans","0",28,25,"DST","HOU",8,2,3,0,0,0,0,0,25,2,2,"1",0,3,0,287,4,0,124,0,23,287,4,0,92.58,0,1,0,0,4,4,4,301,64,5
18,"WAS","Washington Commanders","0",22,7,"DST","NYG",4,3,10,2,1,0,1,0,7,19,19,"1",3,15,6,120,0,0,226,1,9,120,0,0,45.4,3,3,100,43,1,1,10,103,97,1
